seed,model_a,model_b,metric,n_users,diff_mean,ci_low,ci_high,bootstrap_p_two_sided,wilcoxon_p,subset
42,MetadataSASRec+CL4SRec,MetadataSASRec,hit@20,797611,0.0501083861681947,0.0493184647654057,0.050866932627559,0.0,0.0,all
43,MetadataSASRec+CL4SRec,MetadataSASRec,hit@20,797611,0.0315128552640322,0.0307818911725139,0.0322488343315225,0.0,0.0,all
44,MetadataSASRec+CL4SRec,MetadataSASRec,hit@20,797611,0.0370080151853472,0.0362770824374287,0.0377616406995389,0.0,0.0,all
45,MetadataSASRec+CL4SRec,MetadataSASRec,hit@20,797611,0.0334862483090127,0.0327277331932483,0.0342472709127632,0.0,0.0,all
46,MetadataSASRec+CL4SRec,MetadataSASRec,hit@20,797611,0.0308709383396166,0.0301274368081683,0.0316420849261106,0.0,0.0,all
42,MetadataSASRec+CL4SRec,MetadataSASRec,hit@20,267585,0.0540874862193321,0.0527981762804342,0.0553432554141674,0.0,0.0,is_len_long
43,MetadataSASRec+CL4SRec,MetadataSASRec,hit@20,267585,0.0283760300465272,0.0271725806752994,0.0295719117289833,0.0,0.0,is_len_long
44,MetadataSASRec+CL4SRec,MetadataSASRec,hit@20,267585,0.0409589476241194,0.0396995347272829,0.0421848197768933,0.0,0.0,is_len_long
45,MetadataSASRec+CL4SRec,MetadataSASRec,hit@20,267585,0.0320122577872451,0.0307863856344712,0.0332605527215651,0.0,0.0,is_len_long
46,MetadataSASRec+CL4SRec,MetadataSASRec,hit@20,267585,0.0325354560233196,0.0312947287777715,0.0337836575293831,0.0,0.0,is_len_long
42,MetadataSASRec+CL4SRec,MetadataSASRec,hit@20,263217,0.0363084451232253,0.0351154180770998,0.0374976730226391,0.0,0.0,is_div_heterogeneous
43,MetadataSASRec+CL4SRec,MetadataSASRec,hit@20,263217,0.0229810384587621,0.021826097858421,0.0241739705262198,0.0,0.0,is_div_heterogeneous
44,MetadataSASRec+CL4SRec,MetadataSASRec,hit@20,263217,0.0263736764722643,0.0252111375784998,0.0275439086381198,0.0,0.0,is_div_heterogeneous
45,MetadataSASRec+CL4SRec,MetadataSASRec,hit@20,263217,0.0244589065295934,0.0232962726571611,0.0256366420102045,0.0,0.0,is_div_heterogeneous
46,MetadataSASRec+CL4SRec,MetadataSASRec,hit@20,263217,0.02062556749754,0.0194363395981262,0.0218185945436654,0.0,1.4947640763394527e-253,is_div_heterogeneous
42,MetadataSASRec+CL4SRec,MetadataSASRec,hit@20,304235,0.0413200322119414,0.0402879353131625,0.0423324075139283,0.0,0.0,is_target_pop_mid
43,MetadataSASRec+CL4SRec,MetadataSASRec,hit@20,304235,0.0351964764080398,0.0341775272404555,0.0362187946817427,0.0,0.0,is_target_pop_mid
44,MetadataSASRec+CL4SRec,MetadataSASRec,hit@20,304235,0.0313803474287968,0.0303778329252058,0.032399378769701,0.0,0.0,is_target_pop_mid
45,MetadataSASRec+CL4SRec,MetadataSASRec,hit@20,304235,0.0376156589478528,0.0365309711242953,0.0386642726839449,0.0,0.0,is_target_pop_mid
46,MetadataSASRec+CL4SRec,MetadataSASRec,hit@20,304235,0.0352687889296103,0.0342465528292274,0.0363173204923825,0.0,0.0,is_target_pop_mid
42,MetadataSASRec+CL4SRec,MetadataSASRec,hit@20,65272,0.0197787719083221,0.0182922999142051,0.0213108224047064,0.0,6.8793697681795305e-140,is_target_pop_tail
43,MetadataSASRec+CL4SRec,MetadataSASRec,hit@20,65272,0.0199319769579605,0.0183692854516484,0.0214950514768966,0.0,4.281975996432216e-134,is_target_pop_tail
44,MetadataSASRec+CL4SRec,MetadataSASRec,hit@20,65272,0.0189667851452383,0.0174343516362299,0.0204835151366589,0.0,3.2991615757006203e-131,is_target_pop_tail
45,MetadataSASRec+CL4SRec,MetadataSASRec,hit@20,65272,0.0131143522490501,0.0114750582179188,0.014784287290109,0.0,1.7932952333093251e-53,is_target_pop_tail
46,MetadataSASRec+CL4SRec,MetadataSASRec,hit@20,65272,0.0169904400049025,0.0155196715283735,0.0185224905012869,0.0,5.0616576703769695e-107,is_target_pop_tail
42,MetadataSASRec+SimDCL,MetadataSASRec,hit@20,797611,-0.0492433028130254,-0.0498865048250337,-0.0485988157134242,0.0,0.0,all
43,MetadataSASRec+SimDCL,MetadataSASRec,hit@20,797611,-0.0618910722144002,-0.0625819164981425,-0.0612127967141877,0.0,0.0,all
44,MetadataSASRec+SimDCL,MetadataSASRec,hit@20,797611,-0.0664032968452039,-0.0670753349690513,-0.0657337975529424,0.0,0.0,all
45,MetadataSASRec+SimDCL,MetadataSASRec,hit@20,797611,-0.0596330792830088,-0.06032771614233,-0.0589284438153435,0.0,0.0,all
46,MetadataSASRec+SimDCL,MetadataSASRec,hit@20,797611,-0.0640437506503797,-0.064724564982178,-0.0633566989422162,0.0,0.0,all
42,MetadataSASRec+SimDCL,MetadataSASRec,hit@20,267585,-0.0461722443335762,-0.0472821720201057,-0.0450398938655006,0.0,0.0,is_len_long
43,MetadataSASRec+SimDCL,MetadataSASRec,hit@20,267585,-0.0613973130033447,-0.0625184520806472,-0.0602612254050114,0.0,0.0,is_len_long
44,MetadataSASRec+SimDCL,MetadataSASRec,hit@20,267585,-0.0618756656763271,-0.0629968047536296,-0.0607693816917988,0.0,0.0,is_len_long
45,MetadataSASRec+SimDCL,MetadataSASRec,hit@20,267585,-0.0608143206831474,-0.0619878730123138,-0.059633387521722,0.0,0.0,is_len_long
46,MetadataSASRec+SimDCL,MetadataSASRec,hit@20,267585,-0.0621148420128183,-0.0632322439598632,-0.0609860418184875,0.0,0.0,is_len_long
42,MetadataSASRec+SimDCL,MetadataSASRec,hit@20,263217,-0.0432722810456771,-0.0443398412716503,-0.0422312198680176,0.0,0.0,is_div_heterogeneous
43,MetadataSASRec+SimDCL,MetadataSASRec,hit@20,263217,-0.0517519765060767,-0.0528651264925897,-0.0506653255678774,0.0,0.0,is_div_heterogeneous
44,MetadataSASRec+SimDCL,MetadataSASRec,hit@20,263217,-0.0581497395684929,-0.0592248980878894,-0.0570555853155381,0.0,0.0,is_div_heterogeneous
45,MetadataSASRec+SimDCL,MetadataSASRec,hit@20,263217,-0.050148736593761,-0.051258277390898,-0.0490164958950219,0.0,0.0,is_div_heterogeneous
46,MetadataSASRec+SimDCL,MetadataSASRec,hit@20,263217,-0.0531006735887119,-0.0542062252818017,-0.0520216209439359,0.0,0.0,is_div_heterogeneous
42,MetadataSASRec+SimDCL,MetadataSASRec,hit@20,304235,-0.0223084129044981,-0.0230183903890085,-0.0215950663138692,0.0,0.0,is_target_pop_mid
43,MetadataSASRec+SimDCL,MetadataSASRec,hit@20,304235,-0.0321560635692803,-0.032967935970549,-0.0313803474287968,0.0,0.0,is_target_pop_mid
44,MetadataSASRec+SimDCL,MetadataSASRec,hit@20,304235,-0.0340296152645159,-0.0348481437047019,-0.0332210297960458,0.0,0.0,is_target_pop_mid
45,MetadataSASRec+SimDCL,MetadataSASRec,hit@20,304235,-0.0328496063897973,-0.033681282561178,-0.0320508817197232,0.0,0.0,is_target_pop_mid
46,MetadataSASRec+SimDCL,MetadataSASRec,hit@20,304235,-0.0306473614146958,-0.0314460860847699,-0.0298716452742123,0.0,0.0,is_target_pop_mid
42,MetadataSASRec+SimDCL,MetadataSASRec,hit@20,65272,-0.0064039710748866,-0.0073691628876087,-0.0054540997671283,0.0,1.3744354120828174e-40,is_target_pop_tail
43,MetadataSASRec+SimDCL,MetadataSASRec,hit@20,65272,-0.0118887118519426,-0.0130071087143032,-0.0108162765044735,0.0,3.2361601927694112e-96,is_target_pop_tail
44,MetadataSASRec+SimDCL,MetadataSASRec,hit@20,65272,-0.0080126240960902,-0.0091314039710748,-0.0069708297585488,0.0,2.7180507330313996e-47,is_target_pop_tail
45,MetadataSASRec+SimDCL,MetadataSASRec,hit@20,65272,-0.0201464640274543,-0.0214180659394533,-0.0189361441353107,0.0,1.2537728817570798e-213,is_target_pop_tail
46,MetadataSASRec+SimDCL,MetadataSASRec,hit@20,65272,-0.0146464027454344,-0.0157192211055276,-0.0135433263880377,0.0,9.645424443124213e-154,is_target_pop_tail
42,MetadataSASRec+SimDCL,MetadataSASRec+CL4SRec,hit@20,797611,-0.0993516889812201,-0.1001014592326334,-0.0985718602175747,0.0,0.0,all
43,MetadataSASRec+SimDCL,MetadataSASRec+CL4SRec,hit@20,797611,-0.0934039274784324,-0.094177644240112,-0.0926353510671242,0.0,0.0,all
44,MetadataSASRec+SimDCL,MetadataSASRec+CL4SRec,hit@20,797611,-0.1034113120305512,-0.1041924572253893,-0.1026703493306887,0.0,0.0,all
45,MetadataSASRec+SimDCL,MetadataSASRec+CL4SRec,hit@20,797611,-0.0931193275920216,-0.0938904428349158,-0.0923545124126923,0.0,0.0,all
46,MetadataSASRec+SimDCL,MetadataSASRec+CL4SRec,hit@20,797611,-0.0949146889899963,-0.0956807265697188,-0.0941511588982599,0.0,0.0,all
42,MetadataSASRec+SimDCL,MetadataSASRec+CL4SRec,hit@20,267585,-0.1002597305529084,-0.1016164022647009,-0.098918100790403,0.0,0.0,is_len_long
43,MetadataSASRec+SimDCL,MetadataSASRec+CL4SRec,hit@20,267585,-0.089773343049872,-0.0910290188164508,-0.0885213109852944,0.0,0.0,is_len_long
44,MetadataSASRec+SimDCL,MetadataSASRec+CL4SRec,hit@20,267585,-0.1028346133004465,-0.1041015004577984,-0.101552777622064,0.0,0.0,is_len_long
45,MetadataSASRec+SimDCL,MetadataSASRec+CL4SRec,hit@20,267585,-0.0928265784703925,-0.0941270998000635,-0.0915372685314946,0.0,0.0,is_len_long
46,MetadataSASRec+SimDCL,MetadataSASRec+CL4SRec,hit@20,267585,-0.094650298036138,-0.0959323205710335,-0.0933832240222733,0.0,0.0,is_len_long
42,MetadataSASRec+SimDCL,MetadataSASRec+CL4SRec,hit@20,263217,-0.0795807261689024,-0.0807698590896484,-0.0783953923948681,0.0,0.0,is_div_heterogeneous
43,MetadataSASRec+SimDCL,MetadataSASRec+CL4SRec,hit@20,263217,-0.0747330149648389,-0.0759640334780808,-0.0735361887720018,0.0,0.0,is_div_heterogeneous
44,MetadataSASRec+SimDCL,MetadataSASRec+CL4SRec,hit@20,263217,-0.0845234160407572,-0.0857125489615032,-0.0832771059620009,0.0,0.0,is_div_heterogeneous
45,MetadataSASRec+SimDCL,MetadataSASRec+CL4SRec,hit@20,263217,-0.0746076431233545,-0.0758157717776587,-0.0733690263166892,0.0,0.0,is_div_heterogeneous
46,MetadataSASRec+SimDCL,MetadataSASRec+CL4SRec,hit@20,263217,-0.073726241086252,-0.0749268664258007,-0.0725675013391992,0.0,0.0,is_div_heterogeneous
42,MetadataSASRec+SimDCL,MetadataSASRec+CL4SRec,hit@20,304235,-0.0636284451164395,-0.0646112380232386,-0.062612700708334,0.0,0.0,is_target_pop_mid
43,MetadataSASRec+SimDCL,MetadataSASRec+CL4SRec,hit@20,304235,-0.0673525399773201,-0.0683485627886337,-0.0663697470705211,0.0,0.0,is_target_pop_mid
44,MetadataSASRec+SimDCL,MetadataSASRec+CL4SRec,hit@20,304235,-0.0654099626933127,-0.0664290762075369,-0.0644107351225204,0.0,0.0,is_target_pop_mid
45,MetadataSASRec+SimDCL,MetadataSASRec+CL4SRec,hit@20,304235,-0.0704652653376501,-0.071526944631617,-0.0694298815060726,0.0,0.0,is_target_pop_mid
46,MetadataSASRec+SimDCL,MetadataSASRec+CL4SRec,hit@20,304235,-0.0659161503443062,-0.0669022301839038,-0.0649529968609791,0.0,0.0,is_target_pop_mid
42,MetadataSASRec+SimDCL,MetadataSASRec+CL4SRec,hit@20,65272,-0.0261827429832087,-0.0276381909547738,-0.0247426155166074,0.0,7.651904479106993e-268,is_target_pop_tail
43,MetadataSASRec+SimDCL,MetadataSASRec+CL4SRec,hit@20,65272,-0.0318206888099031,-0.0333837633288393,-0.0303345998284103,0.0,0.0,is_target_pop_tail
44,MetadataSASRec+SimDCL,MetadataSASRec+CL4SRec,hit@20,65272,-0.0269794092413285,-0.0284658812354455,-0.0254779997548719,0.0,3.2131142329394574e-268,is_target_pop_tail
45,MetadataSASRec+SimDCL,MetadataSASRec+CL4SRec,hit@20,65272,-0.0332608162765044,-0.0348081872778526,-0.0318053683049393,0.0,0.0,is_target_pop_tail
46,MetadataSASRec+SimDCL,MetadataSASRec+CL4SRec,hit@20,65272,-0.031636842750337,-0.0330922907219021,-0.0301507537688442,0.0,0.0,is_target_pop_tail
42,MetadataComiRecSA,MetadataSASRec,hit@20,797611,-0.0090708377893484,-0.0097391773684164,-0.008403814641473,0.0,9.364845559844248e-153,all
43,MetadataComiRecSA,MetadataSASRec,hit@20,797611,-0.0142400242724837,-0.0149358521885982,-0.0135642562602572,0.0,0.0,all
44,MetadataComiRecSA,MetadataSASRec,hit@20,797611,-0.0156141276888107,-0.0162798657490932,-0.0149383283329843,0.0,0.0,all
45,MetadataComiRecSA,MetadataSASRec,hit@20,797611,-0.0471821476885348,-0.0478842756682142,-0.0464976034683573,0.0,0.0,all
46,MetadataComiRecSA,MetadataSASRec,hit@20,797611,-0.0490489724941105,-0.0497686528896918,-0.0483531132343962,0.0,0.0,all
42,MetadataComiRecSA,MetadataSASRec,hit@20,267585,-0.0061288936225872,-0.0072500326998897,-0.0050002802847693,0.0,1.0795360705209414e-26,is_len_long
43,MetadataComiRecSA,MetadataSASRec,hit@20,267585,-0.015344656838014,-0.016465889343573,-0.0141672739503335,0.0,1.6145860812821354e-150,is_len_long
44,MetadataComiRecSA,MetadataSASRec,hit@20,267585,-0.0171422164919558,-0.0182820412205467,-0.01605844871723,0.0,1.0777110477940386e-188,is_len_long
45,MetadataComiRecSA,MetadataSASRec,hit@20,267585,-0.0495655586075452,-0.0507539660294859,-0.0483584655343162,0.0,0.0,is_len_long
46,MetadataComiRecSA,MetadataSASRec,hit@20,267585,-0.0493936506156922,-0.0505521609955715,-0.0482201917147822,0.0,0.0,is_len_long
42,MetadataComiRecSA,MetadataSASRec,hit@20,263217,-0.0077160669713582,-0.0088141153496924,-0.0065990228594657,0.0,4.3342200112146255e-43,is_div_heterogeneous
43,MetadataComiRecSA,MetadataSASRec,hit@20,263217,-0.0106566065261742,-0.0118077479798037,-0.009547160707705,0.0,1.3245327806676006e-77,is_div_heterogeneous
44,MetadataComiRecSA,MetadataSASRec,hit@20,263217,-0.0119673121416929,-0.0130767579601621,-0.0108160757093956,0.0,4.5951344978201517e-101,is_div_heterogeneous
45,MetadataComiRecSA,MetadataSASRec,hit@20,263217,-0.0382840014132825,-0.0394276395521565,-0.0371744606161456,0.0,0.0,is_div_heterogeneous
46,MetadataComiRecSA,MetadataSASRec,hit@20,263217,-0.0404609124790572,-0.041574157444238,-0.0393591599326791,0.0,0.0,is_div_heterogeneous
42,MetadataComiRecSA,MetadataSASRec,hit@20,304235,-0.0126086742156556,-0.0133975380873338,-0.0118296711423734,0.0,5.161263538653853e-219,is_target_pop_mid
43,MetadataComiRecSA,MetadataSASRec,hit@20,304235,-0.0117146284944204,-0.0125430177330024,-0.0108533699278518,0.0,8.619043164317242e-157,is_target_pop_mid
44,MetadataComiRecSA,MetadataSASRec,hit@20,304235,-0.0092198465002383,-0.0100777359606882,-0.008325800779003,0.0,1.1185154592273888e-94,is_target_pop_mid
45,MetadataComiRecSA,MetadataSASRec,hit@20,304235,-0.0284648380363863,-0.0293327526418722,-0.0276299571055269,0.0,0.0,is_target_pop_mid
46,MetadataComiRecSA,MetadataSASRec,hit@20,304235,-0.0251483228425394,-0.0259503344454122,-0.0243594589708613,0.0,0.0,is_target_pop_mid
42,MetadataComiRecSA,MetadataSASRec,hit@20,65272,-0.0062201250153205,-0.0072159578379703,-0.0052549332025983,0.0,2.636003174048639e-33,is_target_pop_tail
43,MetadataComiRecSA,MetadataSASRec,hit@20,65272,-0.006266086530212,-0.0074304449074641,-0.0051013451403358,0.0,3.103847057305914e-25,is_target_pop_tail
44,MetadataComiRecSA,MetadataSASRec,hit@20,65272,-0.0029108959431302,-0.00410589533031,-0.0017465375658781,0.0,7.211297166372708e-07,is_target_pop_tail
45,MetadataComiRecSA,MetadataSASRec,hit@20,65272,-0.0161171712219634,-0.0173891561465865,-0.0148455693099644,0.0,1.0763604921984034e-131,is_target_pop_tail
46,MetadataComiRecSA,MetadataSASRec,hit@20,65272,-0.0088246108591739,-0.0099583282264983,-0.0076905104792253,0.0,1.5065365205794085e-50,is_target_pop_tail
42,MetadataSASRec+CL4SRec,MetadataSASRec,ndcg@20,797611,0.0214759784058517,0.0211249885064596,0.0218230719107067,0.0,0.0,all
43,MetadataSASRec+CL4SRec,MetadataSASRec,ndcg@20,797611,0.0138647220610794,0.0135237162725044,0.0142027552788726,0.0,0.0,all
44,MetadataSASRec+CL4SRec,MetadataSASRec,ndcg@20,797611,0.0163886462646283,0.0160572299921457,0.0167282884253013,0.0,0.0,all
45,MetadataSASRec+CL4SRec,MetadataSASRec,ndcg@20,797611,0.0150133232649657,0.0146690120216247,0.0153628091053582,0.0,0.0,all
46,MetadataSASRec+CL4SRec,MetadataSASRec,ndcg@20,797611,0.0137261590954041,0.013387930493189,0.0140677419689169,0.0,0.0,all
42,MetadataSASRec+CL4SRec,MetadataSASRec,ndcg@20,267585,0.0233238740554239,0.0227570204584793,0.0238987402235517,0.0,0.0,is_len_long
43,MetadataSASRec+CL4SRec,MetadataSASRec,ndcg@20,267585,0.0129098066328249,0.0123509752294574,0.0134653690040185,0.0,0.0,is_len_long
44,MetadataSASRec+CL4SRec,MetadataSASRec,ndcg@20,267585,0.0183988487284057,0.0178198147065311,0.0189720921398461,0.0,0.0,is_len_long
45,MetadataSASRec+CL4SRec,MetadataSASRec,ndcg@20,267585,0.0146049428934303,0.0140458094533887,0.0151712227150431,0.0,0.0,is_len_long
46,MetadataSASRec+CL4SRec,MetadataSASRec,ndcg@20,267585,0.0147155496562139,0.0141592862633041,0.015272915886404,0.0,0.0,is_len_long
42,MetadataSASRec+CL4SRec,MetadataSASRec,ndcg@20,263217,0.0150827001399827,0.0145450155472017,0.015622608234726,0.0,0.0,is_div_heterogeneous
43,MetadataSASRec+CL4SRec,MetadataSASRec,ndcg@20,263217,0.0099434741198968,0.0093960528761382,0.0104770346460372,0.0,7.662121677563198e-296,is_div_heterogeneous
44,MetadataSASRec+CL4SRec,MetadataSASRec,ndcg@20,263217,0.0110981770401694,0.0105699463352463,0.0116090837454421,0.0,0.0,is_div_heterogeneous
45,MetadataSASRec+CL4SRec,MetadataSASRec,ndcg@20,263217,0.010908964190419,0.0103647076884074,0.0114401101209559,0.0,0.0,is_div_heterogeneous
46,MetadataSASRec+CL4SRec,MetadataSASRec,ndcg@20,263217,0.0090617345013214,0.0085005798764152,0.0096096619038073,0.0,2.8691875744348357e-248,is_div_heterogeneous
42,MetadataSASRec+CL4SRec,MetadataSASRec,ndcg@20,304235,0.0153309976021026,0.0149224800640688,0.0157329165619021,0.0,0.0,is_target_pop_mid
43,MetadataSASRec+CL4SRec,MetadataSASRec,ndcg@20,304235,0.013882931608778,0.0134441357602352,0.014307841414711,0.0,0.0,is_target_pop_mid
44,MetadataSASRec+CL4SRec,MetadataSASRec,ndcg@20,304235,0.01182957287539,0.0114081381575539,0.0122472590846089,0.0,0.0,is_target_pop_mid
45,MetadataSASRec+CL4SRec,MetadataSASRec,ndcg@20,304235,0.0140607333892882,0.013611154135909,0.0145089492194535,0.0,0.0,is_target_pop_mid
46,MetadataSASRec+CL4SRec,MetadataSASRec,ndcg@20,304235,0.0133081892028544,0.0128722939029614,0.0137440202739887,0.0,0.0,is_target_pop_mid
42,MetadataSASRec+CL4SRec,MetadataSASRec,ndcg@20,65272,0.0062936345598581,0.0057497616815264,0.0068461050223656,0.0,1.2308924760026685e-109,is_target_pop_tail
43,MetadataSASRec+CL4SRec,MetadataSASRec,ndcg@20,65272,0.0063988059550251,0.0058225889727394,0.0069793773614924,0.0,1.1866715950012454e-107,is_target_pop_tail
44,MetadataSASRec+CL4SRec,MetadataSASRec,ndcg@20,65272,0.0066484026990275,0.0060531325427996,0.0072432472532317,0.0,5.814432278654116e-103,is_target_pop_tail
45,MetadataSASRec+CL4SRec,MetadataSASRec,ndcg@20,65272,0.0043391081933935,0.0036841778449748,0.0049931578553955,0.0,1.5271963694444131e-35,is_target_pop_tail
46,MetadataSASRec+CL4SRec,MetadataSASRec,ndcg@20,65272,0.006388248866153,0.0058118860170511,0.0069830654841932,0.0,1.8091765441623315e-99,is_target_pop_tail
42,MetadataSASRec+SimDCL,MetadataSASRec,ndcg@20,797611,-0.0198176239805478,-0.0201056835586979,-0.0195331999846257,0.0,0.0,all
43,MetadataSASRec+SimDCL,MetadataSASRec,ndcg@20,797611,-0.0248168379913011,-0.0251231157105947,-0.0245250585856087,0.0,0.0,all
44,MetadataSASRec+SimDCL,MetadataSASRec,ndcg@20,797611,-0.0268351379667093,-0.0271422262150545,-0.0265206110502096,0.0,0.0,all
45,MetadataSASRec+SimDCL,MetadataSASRec,ndcg@20,797611,-0.0243193762470773,-0.0246227477961214,-0.0240123653703242,0.0,0.0,all
46,MetadataSASRec+SimDCL,MetadataSASRec,ndcg@20,797611,-0.0259601888382058,-0.0262785464670345,-0.0256542067086286,0.0,0.0,all
42,MetadataSASRec+SimDCL,MetadataSASRec,ndcg@20,267585,-0.0184760622769528,-0.0189551503329278,-0.0179792090462177,0.0,0.0,is_len_long
43,MetadataSASRec+SimDCL,MetadataSASRec,ndcg@20,267585,-0.0244810264199585,-0.0249903488977297,-0.0239587229444973,0.0,0.0,is_len_long
44,MetadataSASRec+SimDCL,MetadataSASRec,ndcg@20,267585,-0.0244983287441123,-0.0250198995298784,-0.0239890974137645,0.0,0.0,is_len_long
45,MetadataSASRec+SimDCL,MetadataSASRec,ndcg@20,267585,-0.0247788253604171,-0.0253005696969407,-0.0242536662878224,0.0,0.0,is_len_long
46,MetadataSASRec+SimDCL,MetadataSASRec,ndcg@20,267585,-0.0250738922894175,-0.0255924244355722,-0.0245623711740801,0.0,0.0,is_len_long
42,MetadataSASRec+SimDCL,MetadataSASRec,ndcg@20,263217,-0.0173253269759925,-0.0177928870250202,-0.0168626897055561,0.0,0.0,is_div_heterogeneous
43,MetadataSASRec+SimDCL,MetadataSASRec,ndcg@20,263217,-0.0207840367006241,-0.0212691881223891,-0.0202899911593904,0.0,0.0,is_div_heterogeneous
44,MetadataSASRec+SimDCL,MetadataSASRec,ndcg@20,263217,-0.02342929052941,-0.0239110768235109,-0.022945686477967,0.0,0.0,is_div_heterogeneous
45,MetadataSASRec+SimDCL,MetadataSASRec,ndcg@20,263217,-0.0205058197147157,-0.0209885907932288,-0.0199978314139573,0.0,0.0,is_div_heterogeneous
46,MetadataSASRec+SimDCL,MetadataSASRec,ndcg@20,263217,-0.0214755598295189,-0.0219689380642962,-0.0209949609432338,0.0,0.0,is_div_heterogeneous
42,MetadataSASRec+SimDCL,MetadataSASRec,ndcg@20,304235,-0.0079720251761688,-0.0082564657894505,-0.0076750009833996,0.0,0.0,is_target_pop_mid
43,MetadataSASRec+SimDCL,MetadataSASRec,ndcg@20,304235,-0.0115402644297562,-0.0118646497015745,-0.0112241334378545,0.0,0.0,is_target_pop_mid
44,MetadataSASRec+SimDCL,MetadataSASRec,ndcg@20,304235,-0.0122825692023278,-0.0126191825661622,-0.0119470608099609,0.0,0.0,is_target_pop_mid
45,MetadataSASRec+SimDCL,MetadataSASRec,ndcg@20,304235,-0.0126534293884011,-0.0129951771738307,-0.0123197353233873,0.0,0.0,is_target_pop_mid
46,MetadataSASRec+SimDCL,MetadataSASRec,ndcg@20,304235,-0.0110068277769573,-0.0113337033344301,-0.0106909924332376,0.0,0.0,is_target_pop_mid
42,MetadataSASRec+SimDCL,MetadataSASRec,ndcg@20,65272,-0.0021498838271065,-0.0025025310831698,-0.0018038043924792,0.0,6.768892977674943e-36,is_target_pop_tail
43,MetadataSASRec+SimDCL,MetadataSASRec,ndcg@20,65272,-0.0038602712113767,-0.0042773512873451,-0.0034685221595742,0.0,6.53964385688825e-68,is_target_pop_tail
44,MetadataSASRec+SimDCL,MetadataSASRec,ndcg@20,65272,-0.0028459692773009,-0.0032841828510899,-0.0024412028259755,0.0,7.196138496412058e-41,is_target_pop_tail
45,MetadataSASRec+SimDCL,MetadataSASRec,ndcg@20,65272,-0.0072032541738691,-0.0076916475124699,-0.0067230359870346,0.0,3.483439413324143e-178,is_target_pop_tail
46,MetadataSASRec+SimDCL,MetadataSASRec,ndcg@20,65272,-0.0055464006007283,-0.0059697506264668,-0.0051208900243487,0.0,1.2561037828094248e-134,is_target_pop_tail
42,MetadataSASRec+SimDCL,MetadataSASRec+CL4SRec,ndcg@20,797611,-0.0412936023863995,-0.0416593134261014,-0.0409386742125248,0.0,0.0,all
43,MetadataSASRec+SimDCL,MetadataSASRec+CL4SRec,ndcg@20,797611,-0.0386815600523805,-0.039040150128362,-0.0383302077040994,0.0,0.0,all
44,MetadataSASRec+SimDCL,MetadataSASRec+CL4SRec,ndcg@20,797611,-0.0432237842313377,-0.0435980929771938,-0.0428670107596462,0.0,0.0,all
45,MetadataSASRec+SimDCL,MetadataSASRec+CL4SRec,ndcg@20,797611,-0.0393326995120431,-0.0396988208570889,-0.0389703649870165,0.0,0.0,all
46,MetadataSASRec+SimDCL,MetadataSASRec+CL4SRec,ndcg@20,797611,-0.03968634793361,-0.0400438593314431,-0.0393240335464004,0.0,0.0,all
42,MetadataSASRec+SimDCL,MetadataSASRec+CL4SRec,ndcg@20,267585,-0.0417999363323768,-0.0424153406856375,-0.0411857769791066,0.0,0.0,is_len_long
43,MetadataSASRec+SimDCL,MetadataSASRec+CL4SRec,ndcg@20,267585,-0.0373908330527834,-0.0379920679850923,-0.0368106485739114,0.0,0.0,is_len_long
44,MetadataSASRec+SimDCL,MetadataSASRec+CL4SRec,ndcg@20,267585,-0.0428971774725181,-0.0434954435470174,-0.0422816929532081,0.0,0.0,is_len_long
45,MetadataSASRec+SimDCL,MetadataSASRec+CL4SRec,ndcg@20,267585,-0.0393837682538474,-0.0399953072442715,-0.0387628278228325,0.0,0.0,is_len_long
46,MetadataSASRec+SimDCL,MetadataSASRec+CL4SRec,ndcg@20,267585,-0.0397894419456315,-0.0403831164585826,-0.0391971922263695,0.0,0.0,is_len_long
42,MetadataSASRec+SimDCL,MetadataSASRec+CL4SRec,ndcg@20,263217,-0.0324080271159753,-0.032955931018832,-0.0318570600134788,0.0,0.0,is_div_heterogeneous
43,MetadataSASRec+SimDCL,MetadataSASRec+CL4SRec,ndcg@20,263217,-0.0307275108205209,-0.0312847377134929,-0.0301607264221513,0.0,0.0,is_div_heterogeneous
44,MetadataSASRec+SimDCL,MetadataSASRec+CL4SRec,ndcg@20,263217,-0.0345274675695795,-0.0350688594000009,-0.0339690714751986,0.0,0.0,is_div_heterogeneous
45,MetadataSASRec+SimDCL,MetadataSASRec+CL4SRec,ndcg@20,263217,-0.0314147839051348,-0.031960734633117,-0.0308268069769431,0.0,0.0,is_div_heterogeneous
46,MetadataSASRec+SimDCL,MetadataSASRec+CL4SRec,ndcg@20,263217,-0.0305372943308403,-0.0310712192028734,-0.0299843566385544,0.0,0.0,is_div_heterogeneous
42,MetadataSASRec+SimDCL,MetadataSASRec+CL4SRec,ndcg@20,304235,-0.0233030227782714,-0.0237008399483709,-0.0228945535819794,0.0,0.0,is_target_pop_mid
43,MetadataSASRec+SimDCL,MetadataSASRec+CL4SRec,ndcg@20,304235,-0.0254231960385342,-0.0258514403259984,-0.0250133220476811,0.0,0.0,is_target_pop_mid
44,MetadataSASRec+SimDCL,MetadataSASRec+CL4SRec,ndcg@20,304235,-0.0241121420777179,-0.0245409632974327,-0.0236902412071136,0.0,0.0,is_target_pop_mid
45,MetadataSASRec+SimDCL,MetadataSASRec+CL4SRec,ndcg@20,304235,-0.0267141627776894,-0.0271500260142855,-0.0262849779656238,0.0,0.0,is_target_pop_mid
46,MetadataSASRec+SimDCL,MetadataSASRec+CL4SRec,ndcg@20,304235,-0.0243150169798117,-0.0247297923530901,-0.0239122829713835,0.0,0.0,is_target_pop_mid
42,MetadataSASRec+SimDCL,MetadataSASRec+CL4SRec,ndcg@20,65272,-0.0084435183869647,-0.0089752227217084,-0.0079241484922064,0.0,8.907691764398477e-209,is_target_pop_tail
43,MetadataSASRec+SimDCL,MetadataSASRec+CL4SRec,ndcg@20,65272,-0.0102590771664018,-0.0108254485909502,-0.0096913023338921,0.0,4.471912457271665e-270,is_target_pop_tail
44,MetadataSASRec+SimDCL,MetadataSASRec+CL4SRec,ndcg@20,65272,-0.0094943719763284,-0.0101010446301596,-0.0089117497481053,0.0,3.150409984623816e-208,is_target_pop_tail
45,MetadataSASRec+SimDCL,MetadataSASRec+CL4SRec,ndcg@20,65272,-0.0115423623672626,-0.0121267222620415,-0.0109669917282084,0.0,0.0,is_target_pop_tail
46,MetadataSASRec+SimDCL,MetadataSASRec+CL4SRec,ndcg@20,65272,-0.0119346494668814,-0.0125491886364845,-0.0113121081250921,0.0,0.0,is_target_pop_tail
42,MetadataComiRecSA,MetadataSASRec,ndcg@20,797611,-0.0030378769718597,-0.0033422178788144,-0.00273215066669,0.0,4.0699348319241485e-99,all
43,MetadataComiRecSA,MetadataSASRec,ndcg@20,797611,-0.005905427196784,-0.0062109674219072,-0.0056002719953192,0.0,0.0,all
44,MetadataComiRecSA,MetadataSASRec,ndcg@20,797611,-0.0065133519326893,-0.006812906119286,-0.0062043040016842,0.0,0.0,all
45,MetadataComiRecSA,MetadataSASRec,ndcg@20,797611,-0.0195785889926398,-0.0198894784056344,-0.0192679669093861,0.0,0.0,all
46,MetadataComiRecSA,MetadataSASRec,ndcg@20,797611,-0.0204146962063573,-0.0207308554714089,-0.020104099371522,0.0,0.0,all
42,MetadataComiRecSA,MetadataSASRec,ndcg@20,267585,-0.0019636214361667,-0.0024701515706362,-0.0014633008377302,0.0,6.3490354643568245e-16,is_len_long
43,MetadataComiRecSA,MetadataSASRec,ndcg@20,267585,-0.0064762540563344,-0.0070012627344533,-0.0059506682478765,0.0,2.4483630419095943e-140,is_len_long
44,MetadataComiRecSA,MetadataSASRec,ndcg@20,267585,-0.0068799592000759,-0.00738586969288,-0.0063884269653933,0.0,2.0317338009588653e-151,is_len_long
45,MetadataComiRecSA,MetadataSASRec,ndcg@20,267585,-0.0205677889737412,-0.0210851787874346,-0.0200280783178255,0.0,0.0,is_len_long
46,MetadataComiRecSA,MetadataSASRec,ndcg@20,267585,-0.0204168383147616,-0.0209451681258285,-0.0198873636067511,0.0,0.0,is_len_long
42,MetadataComiRecSA,MetadataSASRec,ndcg@20,263217,-0.0022797989961743,-0.0027703200268026,-0.0017700640443374,0.0,2.1723432504058216e-24,is_div_heterogeneous
43,MetadataComiRecSA,MetadataSASRec,ndcg@20,263217,-0.0043875380210643,-0.0048912928943941,-0.0038771959111626,0.0,1.2554901383665526e-69,is_div_heterogeneous
44,MetadataComiRecSA,MetadataSASRec,ndcg@20,263217,-0.0047602407088435,-0.0052488134450456,-0.0042610447120975,0.0,1.2493966774336766e-86,is_div_heterogeneous
45,MetadataComiRecSA,MetadataSASRec,ndcg@20,263217,-0.0159322170840587,-0.0164469242996563,-0.0154178770620249,0.0,0.0,is_div_heterogeneous
46,MetadataComiRecSA,MetadataSASRec,ndcg@20,263217,-0.0164936660142473,-0.0170061752961608,-0.0160041072643761,0.0,0.0,is_div_heterogeneous
42,MetadataComiRecSA,MetadataSASRec,ndcg@20,304235,-0.0049664171433599,-0.005280410408645,-0.0046641572356475,0.0,1.6480923688946155e-210,is_target_pop_mid
43,MetadataComiRecSA,MetadataSASRec,ndcg@20,304235,-0.004463158428951,-0.0047859581225011,-0.0041121068194709,0.0,1.0758182210964024e-141,is_target_pop_mid
44,MetadataComiRecSA,MetadataSASRec,ndcg@20,304235,-0.0034778847855342,-0.0038296765560442,-0.0031218134424098,0.0,2.0129079320862638e-76,is_target_pop_mid
45,MetadataComiRecSA,MetadataSASRec,ndcg@20,304235,-0.0107766415175676,-0.0111431591142878,-0.010416291683611,0.0,0.0,is_target_pop_mid
46,MetadataComiRecSA,MetadataSASRec,ndcg@20,304235,-0.0093584890370978,-0.0096872313137382,-0.0090323387426438,0.0,0.0,is_target_pop_mid
42,MetadataComiRecSA,MetadataSASRec,ndcg@20,65272,-0.002097195419226,-0.002454898923732,-0.0017250423899605,0.0,1.262543443278775e-28,is_target_pop_tail
43,MetadataComiRecSA,MetadataSASRec,ndcg@20,65272,-0.002072841450307,-0.0025074511079774,-0.0016457594840782,0.0,4.0183416432825493e-19,is_target_pop_tail
44,MetadataComiRecSA,MetadataSASRec,ndcg@20,65272,-0.0011884512455806,-0.0016472008481526,-0.000759993355306,0.0,1.370163629297426e-09,is_target_pop_tail
45,MetadataComiRecSA,MetadataSASRec,ndcg@20,65272,-0.005516681628674,-0.0060409326703072,-0.005011319956859,0.0,3.718435669725386e-99,is_target_pop_tail
46,MetadataComiRecSA,MetadataSASRec,ndcg@20,65272,-0.003229908735149,-0.0036983772056533,-0.0027721013434187,0.0,6.163806801984562e-44,is_target_pop_tail
42,MetadataSASRec+CL4SRec,MetadataSASRec,rr@20,797611,0.0135600013269505,0.0132669316509592,0.0138640984622717,0.0,0.0,all
43,MetadataSASRec+CL4SRec,MetadataSASRec,rr@20,797611,0.0089716937937344,0.0086871400906028,0.0092649701672292,0.0,0.0,all
44,MetadataSASRec+CL4SRec,MetadataSASRec,rr@20,797611,0.0106560349030257,0.0103645843431251,0.0109550606541241,0.0,0.0,all
45,MetadataSASRec+CL4SRec,MetadataSASRec,rr@20,797611,0.0098919178502931,0.0095957175639262,0.0101923480946944,0.0,0.0,all
46,MetadataSASRec+CL4SRec,MetadataSASRec,rr@20,797611,0.0089411973063845,0.0086459456118704,0.0092363954909199,0.0,0.0,all
42,MetadataSASRec+CL4SRec,MetadataSASRec,rr@20,267585,0.0147844149911766,0.0143021888907447,0.0152818271386714,0.0,0.0,is_len_long
43,MetadataSASRec+CL4SRec,MetadataSASRec,rr@20,267585,0.0086243736480512,0.0081364891762598,0.0091135078801033,0.0,0.0,is_len_long
44,MetadataSASRec+CL4SRec,MetadataSASRec,rr@20,267585,0.0120916317434772,0.0115897637154777,0.012590598621344,0.0,0.0,is_len_long
45,MetadataSASRec+CL4SRec,MetadataSASRec,rr@20,267585,0.0097952538429147,0.0093050845427415,0.010312461464872,0.0,0.0,is_len_long
46,MetadataSASRec+CL4SRec,MetadataSASRec,rr@20,267585,0.0097071857066521,0.0092245520861031,0.0101845344848663,0.0,0.0,is_len_long
42,MetadataSASRec+CL4SRec,MetadataSASRec,rr@20,263217,0.0092553763714556,0.0087900225648339,0.0097218544399157,0.0,0.0,is_div_heterogeneous
43,MetadataSASRec+CL4SRec,MetadataSASRec,rr@20,263217,0.0063452906183453,0.0058881221356922,0.0068081630871592,0.0,3.2187976289786828e-254,is_div_heterogeneous
44,MetadataSASRec+CL4SRec,MetadataSASRec,rr@20,263217,0.0068851047157594,0.0064363339289178,0.0073115043664651,0.0,0.0,is_div_heterogeneous
45,MetadataSASRec+CL4SRec,MetadataSASRec,rr@20,263217,0.0071431353711612,0.0066863343741057,0.0075992904543099,0.0,0.0,is_div_heterogeneous
46,MetadataSASRec+CL4SRec,MetadataSASRec,rr@20,263217,0.0058350581256149,0.0053643886433024,0.0063059235217387,0.0,1.3687822461184138e-225,is_div_heterogeneous
42,MetadataSASRec+CL4SRec,MetadataSASRec,rr@20,304235,0.0083139170462321,0.0079983327892485,0.0086353747081518,0.0,0.0,is_target_pop_mid
43,MetadataSASRec+CL4SRec,MetadataSASRec,rr@20,304235,0.0080732752584882,0.0077269375281627,0.0084187406136727,0.0,0.0,is_target_pop_mid
44,MetadataSASRec+CL4SRec,MetadataSASRec,rr@20,304235,0.0065546328396593,0.0062104984104188,0.0068895901121993,0.0,0.0,is_target_pop_mid
45,MetadataSASRec+CL4SRec,MetadataSASRec,rr@20,304235,0.0076911871555495,0.0073415417115825,0.008042426719533,0.0,0.0,is_target_pop_mid
46,MetadataSASRec+CL4SRec,MetadataSASRec,rr@20,304235,0.007357521118527,0.0070265110629924,0.0076879846918835,0.0,0.0,is_target_pop_mid
42,MetadataSASRec+CL4SRec,MetadataSASRec,rr@20,65272,0.0027744895892722,0.0024042648304402,0.0031441404222166,0.0,5.206174021183979e-91,is_target_pop_tail
43,MetadataSASRec+CL4SRec,MetadataSASRec,rr@20,65272,0.0028139927879863,0.0023983424942867,0.003232705631349,0.0,3.5030328871275047e-99,is_target_pop_tail
44,MetadataSASRec+CL4SRec,MetadataSASRec,rr@20,65272,0.0033977528839705,0.0029572838292185,0.0038347571095046,0.0,6.863049732429549e-88,is_target_pop_tail
45,MetadataSASRec+CL4SRec,MetadataSASRec,rr@20,65272,0.0020477116620732,0.0015595994276135,0.0025332072855795,0.0,2.4763745453360634e-31,is_target_pop_tail
46,MetadataSASRec+CL4SRec,MetadataSASRec,rr@20,65272,0.0036502188616209,0.0031892038401628,0.004107469487541,0.0,1.833772161229426e-88,is_target_pop_tail
42,MetadataSASRec+SimDCL,MetadataSASRec,rr@20,797611,-0.0117991307308765,-0.0120287699740407,-0.011573501203091,0.0,0.0,all
43,MetadataSASRec+SimDCL,MetadataSASRec,rr@20,797611,-0.0147051376630179,-0.0149507261747432,-0.0144715785875337,0.0,0.0,all
44,MetadataSASRec+SimDCL,MetadataSASRec,rr@20,797611,-0.0160158698478823,-0.0162711291624344,-0.0157622192128167,0.0,0.0,all
45,MetadataSASRec+SimDCL,MetadataSASRec,rr@20,797611,-0.0146399775685875,-0.0148865029495436,-0.0143969842379912,0.0,0.0,all
46,MetadataSASRec+SimDCL,MetadataSASRec,rr@20,797611,-0.0155612757263125,-0.0158191971963077,-0.0153095955470709,0.0,0.0,all
42,MetadataSASRec+SimDCL,MetadataSASRec,rr@20,267585,-0.0109409608574832,-0.0113156931765973,-0.01054845084616,0.0,0.0,is_len_long
43,MetadataSASRec+SimDCL,MetadataSASRec,rr@20,267585,-0.0143986089117928,-0.0148211198035678,-0.013982849388061,0.0,0.0,is_len_long
44,MetadataSASRec+SimDCL,MetadataSASRec,rr@20,267585,-0.0142978626609965,-0.0147185598994197,-0.0138801846967419,0.0,0.0,is_len_long
45,MetadataSASRec+SimDCL,MetadataSASRec,rr@20,267585,-0.0148827609013374,-0.0152881504572003,-0.0144516213431992,0.0,0.0,is_len_long
46,MetadataSASRec+SimDCL,MetadataSASRec,rr@20,267585,-0.0149725652997713,-0.015389783322379,-0.014565032724212,0.0,0.0,is_len_long
42,MetadataSASRec+SimDCL,MetadataSASRec,rr@20,263217,-0.0102804228256822,-0.0106522377575241,-0.0099124489384202,0.0,0.0,is_div_heterogeneous
43,MetadataSASRec+SimDCL,MetadataSASRec,rr@20,263217,-0.0123399057208264,-0.0127181634156258,-0.0119491456161821,0.0,0.0,is_div_heterogeneous
44,MetadataSASRec+SimDCL,MetadataSASRec,rr@20,263217,-0.01395370090051,-0.0143357795463933,-0.0135722284852271,0.0,0.0,is_div_heterogeneous
45,MetadataSASRec+SimDCL,MetadataSASRec,rr@20,263217,-0.0123787873665192,-0.0127753769460352,-0.0119705627574871,0.0,0.0,is_div_heterogeneous
46,MetadataSASRec+SimDCL,MetadataSASRec,rr@20,263217,-0.0128455092371299,-0.0132375662846671,-0.0124653973310069,0.0,0.0,is_div_heterogeneous
42,MetadataSASRec+SimDCL,MetadataSASRec,rr@20,304235,-0.0041704932341632,-0.0043897792709805,-0.0039492201786502,0.0,0.0,is_target_pop_mid
43,MetadataSASRec+SimDCL,MetadataSASRec,rr@20,304235,-0.0060449163670725,-0.0062871754639619,-0.0058061767534978,0.0,0.0,is_target_pop_mid
44,MetadataSASRec+SimDCL,MetadataSASRec,rr@20,304235,-0.0064687149303554,-0.0067173049905875,-0.0062168112636412,0.0,0.0,is_target_pop_mid
45,MetadataSASRec+SimDCL,MetadataSASRec,rr@20,304235,-0.0072258394383347,-0.0074927946223289,-0.0069688567810374,0.0,0.0,is_target_pop_mid
46,MetadataSASRec+SimDCL,MetadataSASRec,rr@20,304235,-0.005779891643864,-0.006021677880127,-0.0055418044866492,0.0,0.0,is_target_pop_mid
42,MetadataSASRec+SimDCL,MetadataSASRec,rr@20,65272,-0.0010113967052984,-0.0012629558475347,-0.0007645627228342,0.0,1.933911654769295e-32,is_target_pop_tail
43,MetadataSASRec+SimDCL,MetadataSASRec,rr@20,65272,-0.0017619559130301,-0.0020570014387855,-0.0014800678540754,0.0,4.3645535916655363e-66,is_target_pop_tail
44,MetadataSASRec+SimDCL,MetadataSASRec,rr@20,65272,-0.0014695659656872,-0.0017832288725016,-0.0011750690417784,0.0,5.880734076440483e-38,is_target_pop_tail
45,MetadataSASRec+SimDCL,MetadataSASRec,rr@20,65272,-0.0037268096238913,-0.0040806371412649,-0.003386422479722,0.0,2.514679542727852e-172,is_target_pop_tail
46,MetadataSASRec+SimDCL,MetadataSASRec,rr@20,65272,-0.0030616827371812,-0.0033659470499043,-0.0027673698679937,0.0,4.425045627521533e-129,is_target_pop_tail
42,MetadataSASRec+SimDCL,MetadataSASRec+CL4SRec,rr@20,797611,-0.025359132057827,-0.0256596370981824,-0.0250704035252265,0.0,0.0,all
43,MetadataSASRec+SimDCL,MetadataSASRec+CL4SRec,rr@20,797611,-0.0236768314567523,-0.023963236451974,-0.0233838950342737,0.0,0.0,all
44,MetadataSASRec+SimDCL,MetadataSASRec+CL4SRec,rr@20,797611,-0.026671904750908,-0.0269742783449391,-0.0263801340963658,0.0,0.0,all
45,MetadataSASRec+SimDCL,MetadataSASRec+CL4SRec,rr@20,797611,-0.0245318954188807,-0.0248369291591564,-0.0242394929534388,0.0,0.0,all
46,MetadataSASRec+SimDCL,MetadataSASRec+CL4SRec,rr@20,797611,-0.024502473032697,-0.0247881870498218,-0.0242078095461009,0.0,0.0,all
42,MetadataSASRec+SimDCL,MetadataSASRec+CL4SRec,rr@20,267585,-0.0257253758486599,-0.0262220676374058,-0.0252332840017815,0.0,0.0,is_len_long
43,MetadataSASRec+SimDCL,MetadataSASRec+CL4SRec,rr@20,267585,-0.023022982559844,-0.0235166625684912,-0.0225340926831908,0.0,0.0,is_len_long
44,MetadataSASRec+SimDCL,MetadataSASRec+CL4SRec,rr@20,267585,-0.0263894944044738,-0.0268857377686908,-0.0258793012435161,0.0,0.0,is_len_long
45,MetadataSASRec+SimDCL,MetadataSASRec+CL4SRec,rr@20,267585,-0.0246780147442522,-0.0251912411596618,-0.0241751642341036,0.0,0.0,is_len_long
46,MetadataSASRec+SimDCL,MetadataSASRec+CL4SRec,rr@20,267585,-0.0246797510064234,-0.0251707342829716,-0.0241905070658994,0.0,0.0,is_len_long
42,MetadataSASRec+SimDCL,MetadataSASRec+CL4SRec,rr@20,263217,-0.0195357991971378,-0.0199801733738685,-0.0190820995694749,0.0,0.0,is_div_heterogeneous
43,MetadataSASRec+SimDCL,MetadataSASRec+CL4SRec,rr@20,263217,-0.0186851963391718,-0.0191285996805118,-0.0182337202393388,0.0,0.0,is_div_heterogeneous
44,MetadataSASRec+SimDCL,MetadataSASRec+CL4SRec,rr@20,263217,-0.0208388056162694,-0.0212828264775886,-0.0203934897974019,0.0,0.0,is_div_heterogeneous
45,MetadataSASRec+SimDCL,MetadataSASRec+CL4SRec,rr@20,263217,-0.0195219227376804,-0.019962787706716,-0.0190503997636238,0.0,0.0,is_div_heterogeneous
46,MetadataSASRec+SimDCL,MetadataSASRec+CL4SRec,rr@20,263217,-0.0186805673627449,-0.0191262904570338,-0.0182374848768423,0.0,0.0,is_div_heterogeneous
42,MetadataSASRec+SimDCL,MetadataSASRec+CL4SRec,rr@20,304235,-0.0124844102803953,-0.0127855710933355,-0.0121747397810616,0.0,0.0,is_target_pop_mid
43,MetadataSASRec+SimDCL,MetadataSASRec+CL4SRec,rr@20,304235,-0.0141181916255607,-0.0144430659339865,-0.0137998414905857,0.0,0.0,is_target_pop_mid
44,MetadataSASRec+SimDCL,MetadataSASRec+CL4SRec,rr@20,304235,-0.0130233477700147,-0.0133470776495876,-0.0126995213336557,0.0,0.0,is_target_pop_mid
45,MetadataSASRec+SimDCL,MetadataSASRec+CL4SRec,rr@20,304235,-0.0149170265938842,-0.0152551908135547,-0.0145865411959165,0.0,0.0,is_target_pop_mid
46,MetadataSASRec+SimDCL,MetadataSASRec+CL4SRec,rr@20,304235,-0.0131374127623911,-0.0134470434806995,-0.0128349479708138,0.0,0.0,is_target_pop_mid
42,MetadataSASRec+SimDCL,MetadataSASRec+CL4SRec,rr@20,65272,-0.0037858862945707,-0.0041383172359886,-0.0034302066136138,0.0,1.1080357417864086e-201,is_target_pop_tail
43,MetadataSASRec+SimDCL,MetadataSASRec+CL4SRec,rr@20,65272,-0.0045759487010164,-0.0049739218437736,-0.0041791542877321,0.0,2.609411519382145e-257,is_target_pop_tail
44,MetadataSASRec+SimDCL,MetadataSASRec+CL4SRec,rr@20,65272,-0.0048673188496577,-0.0053068538311348,-0.004441974172917,0.0,2.504069325848688e-190,is_target_pop_tail
45,MetadataSASRec+SimDCL,MetadataSASRec+CL4SRec,rr@20,65272,-0.0057745212859645,-0.0061938817194223,-0.005354874864928,0.0,3.2768461563562654e-298,is_target_pop_tail
46,MetadataSASRec+SimDCL,MetadataSASRec+CL4SRec,rr@20,65272,-0.0067119015988022,-0.0072043920779467,-0.0062193951755418,0.0,5.835883688378327e-301,is_target_pop_tail
42,MetadataComiRecSA,MetadataSASRec,rr@20,797611,-0.0014097833760229,-0.00166375231582,-0.0011582349875919,0.0,3.5178226737488675e-86,all
43,MetadataComiRecSA,MetadataSASRec,rr@20,797611,-0.0036196044574617,-0.0038812141257022,-0.0033650150488437,0.0,2.158664966310411e-283,all
44,MetadataComiRecSA,MetadataSASRec,rr@20,797611,-0.0040101662267643,-0.0042643557881155,-0.0037536607920292,0.0,0.0,all
45,MetadataComiRecSA,MetadataSASRec,rr@20,797611,-0.0119881972544156,-0.0122431897307589,-0.011735150933091,0.0,0.0,all
46,MetadataComiRecSA,MetadataSASRec,rr@20,797611,-0.0125562279010983,-0.0128071793251053,-0.0123059394009233,0.0,0.0,all
42,MetadataComiRecSA,MetadataSASRec,rr@20,267585,-0.0008519465338142,-0.0012682774523242,-0.0004305957640788,0.0,1.709555517944464e-13,is_len_long
43,MetadataComiRecSA,MetadataSASRec,rr@20,267585,-0.0040277443583293,-0.0044867624041568,-0.0035865492448796,0.0,3.3377607294770687e-127,is_len_long
44,MetadataComiRecSA,MetadataSASRec,rr@20,267585,-0.0040960595273483,-0.0045231259061694,-0.0036796102645649,0.0,8.173900941707469e-130,is_len_long
45,MetadataComiRecSA,MetadataSASRec,rr@20,267585,-0.0125888487927408,-0.012999287564537,-0.0121520170998602,0.0,0.0,is_len_long
46,MetadataComiRecSA,MetadataSASRec,rr@20,267585,-0.0124826702231098,-0.012905855867096,-0.0120580216591853,0.0,0.0,is_len_long
42,MetadataComiRecSA,MetadataSASRec,rr@20,263217,-0.0008279058479692,-0.0012373509598045,-0.0004024097650702,0.0,2.378760401248446e-21,is_div_heterogeneous
43,MetadataComiRecSA,MetadataSASRec,rr@20,263217,-0.0026643526414201,-0.0030724133915595,-0.0022511895503608,0.0,2.4400072214574718e-60,is_div_heterogeneous
44,MetadataComiRecSA,MetadataSASRec,rr@20,263217,-0.0027807455669885,-0.00318919070939,-0.0023683930635864,0.0,1.8725830167369564e-74,is_div_heterogeneous
45,MetadataComiRecSA,MetadataSASRec,rr@20,263217,-0.0097752269770671,-0.0101900868834918,-0.0093614720048632,0.0,0.0,is_div_heterogeneous
46,MetadataComiRecSA,MetadataSASRec,rr@20,263217,-0.0099375685403131,-0.0103535847945212,-0.0095391871964101,0.0,0.0,is_div_heterogeneous
42,MetadataComiRecSA,MetadataSASRec,rr@20,304235,-0.0029037215801199,-0.0031304316240467,-0.0026760921528848,0.0,9.269613318274802e-201,is_target_pop_mid
43,MetadataComiRecSA,MetadataSASRec,rr@20,304235,-0.002509097105474,-0.0027623789880627,-0.0022495225992566,0.0,5.401970185821526e-133,is_target_pop_mid
44,MetadataComiRecSA,MetadataSASRec,rr@20,304235,-0.0019485566622933,-0.0022234562226637,-0.001674032186776,0.0,5.233940413893484e-62,is_target_pop_mid
45,MetadataComiRecSA,MetadataSASRec,rr@20,304235,-0.0060279931928472,-0.0063098294454139,-0.0057434353817053,0.0,0.0,is_target_pop_mid
46,MetadataComiRecSA,MetadataSASRec,rr@20,304235,-0.0051261393913872,-0.0053697886813538,-0.0048971753396425,0.0,0.0,is_target_pop_mid
42,MetadataComiRecSA,MetadataSASRec,rr@20,65272,-0.0009907177019521,-0.0012461451900556,-0.0007239289796081,0.0,4.2236247373940955e-28,is_target_pop_tail
43,MetadataComiRecSA,MetadataSASRec,rr@20,65272,-0.0009943508852314,-0.001299601877238,-0.0006927510889064,0.0,1.0052383280502501e-17,is_target_pop_tail
44,MetadataComiRecSA,MetadataSASRec,rr@20,65272,-0.0006826596359556,-0.0010270236444684,-0.0003651225242671,0.0,1.7034935467803727e-10,is_target_pop_tail
45,MetadataComiRecSA,MetadataSASRec,rr@20,65272,-0.0026743872140725,-0.0030610667347321,-0.0022908871490253,0.0,1.5055313305393911e-92,is_target_pop_tail
46,MetadataComiRecSA,MetadataSASRec,rr@20,65272,-0.0017010739119054,-0.0020466797497117,-0.0013612633118257,0.0,7.576794000745894e-39,is_target_pop_tail
42,MetadataSASRec+CL4SRec,MetadataSASRec,hit@20,797611,0.0501083861681947,0.0493184647654057,0.050866932627559,0.0,0.0,all
43,MetadataSASRec+CL4SRec,MetadataSASRec,hit@20,797611,0.0315128552640322,0.0307818911725139,0.0322488343315225,0.0,0.0,all
44,MetadataSASRec+CL4SRec,MetadataSASRec,hit@20,797611,0.0370080151853472,0.0362770824374287,0.0377616406995389,0.0,0.0,all
45,MetadataSASRec+CL4SRec,MetadataSASRec,hit@20,797611,0.0334862483090127,0.0327277331932483,0.0342472709127632,0.0,0.0,all
46,MetadataSASRec+CL4SRec,MetadataSASRec,hit@20,797611,0.0308709383396166,0.0301274368081683,0.0316420849261106,0.0,0.0,all
42,MetadataSASRec+CL4SRec,MetadataSASRec,hit@20,267585,0.0540874862193321,0.0527981762804342,0.0553432554141674,0.0,0.0,is_len_long
43,MetadataSASRec+CL4SRec,MetadataSASRec,hit@20,267585,0.0283760300465272,0.0271725806752994,0.0295719117289833,0.0,0.0,is_len_long
44,MetadataSASRec+CL4SRec,MetadataSASRec,hit@20,267585,0.0409589476241194,0.0396995347272829,0.0421848197768933,0.0,0.0,is_len_long
45,MetadataSASRec+CL4SRec,MetadataSASRec,hit@20,267585,0.0320122577872451,0.0307863856344712,0.0332605527215651,0.0,0.0,is_len_long
46,MetadataSASRec+CL4SRec,MetadataSASRec,hit@20,267585,0.0325354560233196,0.0312947287777715,0.0337836575293831,0.0,0.0,is_len_long
42,MetadataSASRec+CL4SRec,MetadataSASRec,hit@20,263217,0.0363084451232253,0.0351154180770998,0.0374976730226391,0.0,0.0,is_div_heterogeneous
43,MetadataSASRec+CL4SRec,MetadataSASRec,hit@20,263217,0.0229810384587621,0.021826097858421,0.0241739705262198,0.0,0.0,is_div_heterogeneous
44,MetadataSASRec+CL4SRec,MetadataSASRec,hit@20,263217,0.0263736764722643,0.0252111375784998,0.0275439086381198,0.0,0.0,is_div_heterogeneous
45,MetadataSASRec+CL4SRec,MetadataSASRec,hit@20,263217,0.0244589065295934,0.0232962726571611,0.0256366420102045,0.0,0.0,is_div_heterogeneous
46,MetadataSASRec+CL4SRec,MetadataSASRec,hit@20,263217,0.02062556749754,0.0194363395981262,0.0218185945436654,0.0,1.4947640763394527e-253,is_div_heterogeneous
42,MetadataSASRec+CL4SRec,MetadataSASRec,hit@20,304235,0.0413200322119414,0.0402879353131625,0.0423324075139283,0.0,0.0,is_target_pop_mid
43,MetadataSASRec+CL4SRec,MetadataSASRec,hit@20,304235,0.0351964764080398,0.0341775272404555,0.0362187946817427,0.0,0.0,is_target_pop_mid
44,MetadataSASRec+CL4SRec,MetadataSASRec,hit@20,304235,0.0313803474287968,0.0303778329252058,0.032399378769701,0.0,0.0,is_target_pop_mid
45,MetadataSASRec+CL4SRec,MetadataSASRec,hit@20,304235,0.0376156589478528,0.0365309711242953,0.0386642726839449,0.0,0.0,is_target_pop_mid
46,MetadataSASRec+CL4SRec,MetadataSASRec,hit@20,304235,0.0352687889296103,0.0342465528292274,0.0363173204923825,0.0,0.0,is_target_pop_mid
42,MetadataSASRec+CL4SRec,MetadataSASRec,hit@20,65272,0.0197787719083221,0.0182922999142051,0.0213108224047064,0.0,6.8793697681795305e-140,is_target_pop_tail
43,MetadataSASRec+CL4SRec,MetadataSASRec,hit@20,65272,0.0199319769579605,0.0183692854516484,0.0214950514768966,0.0,4.281975996432216e-134,is_target_pop_tail
44,MetadataSASRec+CL4SRec,MetadataSASRec,hit@20,65272,0.0189667851452383,0.0174343516362299,0.0204835151366589,0.0,3.2991615757006203e-131,is_target_pop_tail
45,MetadataSASRec+CL4SRec,MetadataSASRec,hit@20,65272,0.0131143522490501,0.0114750582179188,0.014784287290109,0.0,1.7932952333093251e-53,is_target_pop_tail
46,MetadataSASRec+CL4SRec,MetadataSASRec,hit@20,65272,0.0169904400049025,0.0155196715283735,0.0185224905012869,0.0,5.0616576703769695e-107,is_target_pop_tail
42,MetadataSASRec+SimDCL,MetadataSASRec,hit@20,797611,-0.0492433028130254,-0.0498865048250337,-0.0485988157134242,0.0,0.0,all
43,MetadataSASRec+SimDCL,MetadataSASRec,hit@20,797611,-0.0618910722144002,-0.0625819164981425,-0.0612127967141877,0.0,0.0,all
44,MetadataSASRec+SimDCL,MetadataSASRec,hit@20,797611,-0.0664032968452039,-0.0670753349690513,-0.0657337975529424,0.0,0.0,all
45,MetadataSASRec+SimDCL,MetadataSASRec,hit@20,797611,-0.0596330792830088,-0.06032771614233,-0.0589284438153435,0.0,0.0,all
46,MetadataSASRec+SimDCL,MetadataSASRec,hit@20,797611,-0.0640437506503797,-0.064724564982178,-0.0633566989422162,0.0,0.0,all
42,MetadataSASRec+SimDCL,MetadataSASRec,hit@20,267585,-0.0461722443335762,-0.0472821720201057,-0.0450398938655006,0.0,0.0,is_len_long
43,MetadataSASRec+SimDCL,MetadataSASRec,hit@20,267585,-0.0613973130033447,-0.0625184520806472,-0.0602612254050114,0.0,0.0,is_len_long
44,MetadataSASRec+SimDCL,MetadataSASRec,hit@20,267585,-0.0618756656763271,-0.0629968047536296,-0.0607693816917988,0.0,0.0,is_len_long
45,MetadataSASRec+SimDCL,MetadataSASRec,hit@20,267585,-0.0608143206831474,-0.0619878730123138,-0.059633387521722,0.0,0.0,is_len_long
46,MetadataSASRec+SimDCL,MetadataSASRec,hit@20,267585,-0.0621148420128183,-0.0632322439598632,-0.0609860418184875,0.0,0.0,is_len_long
42,MetadataSASRec+SimDCL,MetadataSASRec,hit@20,263217,-0.0432722810456771,-0.0443398412716503,-0.0422312198680176,0.0,0.0,is_div_heterogeneous
43,MetadataSASRec+SimDCL,MetadataSASRec,hit@20,263217,-0.0517519765060767,-0.0528651264925897,-0.0506653255678774,0.0,0.0,is_div_heterogeneous
44,MetadataSASRec+SimDCL,MetadataSASRec,hit@20,263217,-0.0581497395684929,-0.0592248980878894,-0.0570555853155381,0.0,0.0,is_div_heterogeneous
45,MetadataSASRec+SimDCL,MetadataSASRec,hit@20,263217,-0.050148736593761,-0.051258277390898,-0.0490164958950219,0.0,0.0,is_div_heterogeneous
46,MetadataSASRec+SimDCL,MetadataSASRec,hit@20,263217,-0.0531006735887119,-0.0542062252818017,-0.0520216209439359,0.0,0.0,is_div_heterogeneous
42,MetadataSASRec+SimDCL,MetadataSASRec,hit@20,304235,-0.0223084129044981,-0.0230183903890085,-0.0215950663138692,0.0,0.0,is_target_pop_mid
43,MetadataSASRec+SimDCL,MetadataSASRec,hit@20,304235,-0.0321560635692803,-0.032967935970549,-0.0313803474287968,0.0,0.0,is_target_pop_mid
44,MetadataSASRec+SimDCL,MetadataSASRec,hit@20,304235,-0.0340296152645159,-0.0348481437047019,-0.0332210297960458,0.0,0.0,is_target_pop_mid
45,MetadataSASRec+SimDCL,MetadataSASRec,hit@20,304235,-0.0328496063897973,-0.033681282561178,-0.0320508817197232,0.0,0.0,is_target_pop_mid
46,MetadataSASRec+SimDCL,MetadataSASRec,hit@20,304235,-0.0306473614146958,-0.0314460860847699,-0.0298716452742123,0.0,0.0,is_target_pop_mid
42,MetadataSASRec+SimDCL,MetadataSASRec,hit@20,65272,-0.0064039710748866,-0.0073691628876087,-0.0054540997671283,0.0,1.3744354120828172e-40,is_target_pop_tail
43,MetadataSASRec+SimDCL,MetadataSASRec,hit@20,65272,-0.0118887118519426,-0.0130071087143032,-0.0108162765044735,0.0,3.2361601927694112e-96,is_target_pop_tail
44,MetadataSASRec+SimDCL,MetadataSASRec,hit@20,65272,-0.0080126240960902,-0.0091314039710748,-0.0069708297585488,0.0,2.7180507330313996e-47,is_target_pop_tail
45,MetadataSASRec+SimDCL,MetadataSASRec,hit@20,65272,-0.0201464640274543,-0.0214180659394533,-0.0189361441353107,0.0,1.2537728817570798e-213,is_target_pop_tail
46,MetadataSASRec+SimDCL,MetadataSASRec,hit@20,65272,-0.0146464027454344,-0.0157192211055276,-0.0135433263880377,0.0,9.645424443124213e-154,is_target_pop_tail
42,MetadataSASRec+SimDCL,MetadataSASRec+CL4SRec,hit@20,797611,-0.0993516889812201,-0.1001014592326334,-0.0985718602175747,0.0,0.0,all
43,MetadataSASRec+SimDCL,MetadataSASRec+CL4SRec,hit@20,797611,-0.0934039274784324,-0.094177644240112,-0.0926353510671242,0.0,0.0,all
44,MetadataSASRec+SimDCL,MetadataSASRec+CL4SRec,hit@20,797611,-0.1034113120305512,-0.1041924572253893,-0.1026703493306887,0.0,0.0,all
45,MetadataSASRec+SimDCL,MetadataSASRec+CL4SRec,hit@20,797611,-0.0931193275920216,-0.0938904428349158,-0.0923545124126923,0.0,0.0,all
46,MetadataSASRec+SimDCL,MetadataSASRec+CL4SRec,hit@20,797611,-0.0949146889899963,-0.0956807265697188,-0.0941511588982599,0.0,0.0,all
42,MetadataSASRec+SimDCL,MetadataSASRec+CL4SRec,hit@20,267585,-0.1002597305529084,-0.1016164022647009,-0.098918100790403,0.0,0.0,is_len_long
43,MetadataSASRec+SimDCL,MetadataSASRec+CL4SRec,hit@20,267585,-0.089773343049872,-0.0910290188164508,-0.0885213109852944,0.0,0.0,is_len_long
44,MetadataSASRec+SimDCL,MetadataSASRec+CL4SRec,hit@20,267585,-0.1028346133004465,-0.1041015004577984,-0.101552777622064,0.0,0.0,is_len_long
45,MetadataSASRec+SimDCL,MetadataSASRec+CL4SRec,hit@20,267585,-0.0928265784703925,-0.0941270998000635,-0.0915372685314946,0.0,0.0,is_len_long
46,MetadataSASRec+SimDCL,MetadataSASRec+CL4SRec,hit@20,267585,-0.094650298036138,-0.0959323205710335,-0.0933832240222733,0.0,0.0,is_len_long
42,MetadataSASRec+SimDCL,MetadataSASRec+CL4SRec,hit@20,263217,-0.0795807261689024,-0.0807698590896484,-0.0783953923948681,0.0,0.0,is_div_heterogeneous
43,MetadataSASRec+SimDCL,MetadataSASRec+CL4SRec,hit@20,263217,-0.0747330149648389,-0.0759640334780808,-0.0735361887720018,0.0,0.0,is_div_heterogeneous
44,MetadataSASRec+SimDCL,MetadataSASRec+CL4SRec,hit@20,263217,-0.0845234160407572,-0.0857125489615032,-0.0832771059620009,0.0,0.0,is_div_heterogeneous
45,MetadataSASRec+SimDCL,MetadataSASRec+CL4SRec,hit@20,263217,-0.0746076431233545,-0.0758157717776587,-0.0733690263166892,0.0,0.0,is_div_heterogeneous
46,MetadataSASRec+SimDCL,MetadataSASRec+CL4SRec,hit@20,263217,-0.073726241086252,-0.0749268664258007,-0.0725675013391992,0.0,0.0,is_div_heterogeneous
42,MetadataSASRec+SimDCL,MetadataSASRec+CL4SRec,hit@20,304235,-0.0636284451164395,-0.0646112380232386,-0.062612700708334,0.0,0.0,is_target_pop_mid
43,MetadataSASRec+SimDCL,MetadataSASRec+CL4SRec,hit@20,304235,-0.0673525399773201,-0.0683485627886337,-0.0663697470705211,0.0,0.0,is_target_pop_mid
44,MetadataSASRec+SimDCL,MetadataSASRec+CL4SRec,hit@20,304235,-0.0654099626933127,-0.0664290762075369,-0.0644107351225204,0.0,0.0,is_target_pop_mid
45,MetadataSASRec+SimDCL,MetadataSASRec+CL4SRec,hit@20,304235,-0.0704652653376501,-0.071526944631617,-0.0694298815060726,0.0,0.0,is_target_pop_mid
46,MetadataSASRec+SimDCL,MetadataSASRec+CL4SRec,hit@20,304235,-0.0659161503443062,-0.0669022301839038,-0.0649529968609791,0.0,0.0,is_target_pop_mid
42,MetadataSASRec+SimDCL,MetadataSASRec+CL4SRec,hit@20,65272,-0.0261827429832087,-0.0276381909547738,-0.0247426155166074,0.0,7.651904479106993e-268,is_target_pop_tail
43,MetadataSASRec+SimDCL,MetadataSASRec+CL4SRec,hit@20,65272,-0.0318206888099031,-0.0333837633288393,-0.0303345998284103,0.0,0.0,is_target_pop_tail
44,MetadataSASRec+SimDCL,MetadataSASRec+CL4SRec,hit@20,65272,-0.0269794092413285,-0.0284658812354455,-0.0254779997548719,0.0,3.213114232939457e-268,is_target_pop_tail
45,MetadataSASRec+SimDCL,MetadataSASRec+CL4SRec,hit@20,65272,-0.0332608162765044,-0.0348081872778526,-0.0318053683049393,0.0,0.0,is_target_pop_tail
46,MetadataSASRec+SimDCL,MetadataSASRec+CL4SRec,hit@20,65272,-0.031636842750337,-0.0330922907219021,-0.0301507537688442,0.0,0.0,is_target_pop_tail
42,MetadataComiRecSA,MetadataSASRec,hit@20,797611,-0.0090708377893484,-0.0097391773684164,-0.008403814641473,0.0,9.364845559844248e-153,all
43,MetadataComiRecSA,MetadataSASRec,hit@20,797611,-0.0142400242724837,-0.0149358521885982,-0.0135642562602572,0.0,0.0,all
44,MetadataComiRecSA,MetadataSASRec,hit@20,797611,-0.0156141276888107,-0.0162798657490932,-0.0149383283329843,0.0,0.0,all
45,MetadataComiRecSA,MetadataSASRec,hit@20,797611,-0.0471821476885348,-0.0478842756682142,-0.0464976034683573,0.0,0.0,all
46,MetadataComiRecSA,MetadataSASRec,hit@20,797611,-0.0490489724941105,-0.0497686528896918,-0.0483531132343962,0.0,0.0,all
42,MetadataComiRecSA,MetadataSASRec,hit@20,267585,-0.0061288936225872,-0.0072500326998897,-0.0050002802847693,0.0,1.0795360705209414e-26,is_len_long
43,MetadataComiRecSA,MetadataSASRec,hit@20,267585,-0.015344656838014,-0.016465889343573,-0.0141672739503335,0.0,1.6145860812821354e-150,is_len_long
44,MetadataComiRecSA,MetadataSASRec,hit@20,267585,-0.0171422164919558,-0.0182820412205467,-0.01605844871723,0.0,1.0777110477940386e-188,is_len_long
45,MetadataComiRecSA,MetadataSASRec,hit@20,267585,-0.0495655586075452,-0.0507539660294859,-0.0483584655343162,0.0,0.0,is_len_long
46,MetadataComiRecSA,MetadataSASRec,hit@20,267585,-0.0493936506156922,-0.0505521609955715,-0.0482201917147822,0.0,0.0,is_len_long
42,MetadataComiRecSA,MetadataSASRec,hit@20,263217,-0.0077160669713582,-0.0088141153496924,-0.0065990228594657,0.0,4.3342200112146255e-43,is_div_heterogeneous
43,MetadataComiRecSA,MetadataSASRec,hit@20,263217,-0.0106566065261742,-0.0118077479798037,-0.009547160707705,0.0,1.3245327806676006e-77,is_div_heterogeneous
44,MetadataComiRecSA,MetadataSASRec,hit@20,263217,-0.0119673121416929,-0.0130767579601621,-0.0108160757093956,0.0,4.5951344978201517e-101,is_div_heterogeneous
45,MetadataComiRecSA,MetadataSASRec,hit@20,263217,-0.0382840014132825,-0.0394276395521565,-0.0371744606161456,0.0,0.0,is_div_heterogeneous
46,MetadataComiRecSA,MetadataSASRec,hit@20,263217,-0.0404609124790572,-0.041574157444238,-0.0393591599326791,0.0,0.0,is_div_heterogeneous
42,MetadataComiRecSA,MetadataSASRec,hit@20,304235,-0.0126086742156556,-0.0133975380873338,-0.0118296711423734,0.0,5.161263538653853e-219,is_target_pop_mid
43,MetadataComiRecSA,MetadataSASRec,hit@20,304235,-0.0117146284944204,-0.0125430177330024,-0.0108533699278518,0.0,8.619043164317242e-157,is_target_pop_mid
44,MetadataComiRecSA,MetadataSASRec,hit@20,304235,-0.0092198465002383,-0.0100777359606882,-0.008325800779003,0.0,1.1185154592273888e-94,is_target_pop_mid
45,MetadataComiRecSA,MetadataSASRec,hit@20,304235,-0.0284648380363863,-0.0293327526418722,-0.0276299571055269,0.0,0.0,is_target_pop_mid
46,MetadataComiRecSA,MetadataSASRec,hit@20,304235,-0.0251483228425394,-0.0259503344454122,-0.0243594589708613,0.0,0.0,is_target_pop_mid
42,MetadataComiRecSA,MetadataSASRec,hit@20,65272,-0.0062201250153205,-0.0072159578379703,-0.0052549332025983,0.0,2.636003174048639e-33,is_target_pop_tail
43,MetadataComiRecSA,MetadataSASRec,hit@20,65272,-0.006266086530212,-0.0074304449074641,-0.0051013451403358,0.0,3.103847057305914e-25,is_target_pop_tail
44,MetadataComiRecSA,MetadataSASRec,hit@20,65272,-0.0029108959431302,-0.00410589533031,-0.0017465375658781,0.0,7.211297166372708e-07,is_target_pop_tail
45,MetadataComiRecSA,MetadataSASRec,hit@20,65272,-0.0161171712219634,-0.0173891561465865,-0.0148455693099644,0.0,1.0763604921984034e-131,is_target_pop_tail
46,MetadataComiRecSA,MetadataSASRec,hit@20,65272,-0.0088246108591739,-0.0099583282264983,-0.0076905104792253,0.0,1.5065365205794085e-50,is_target_pop_tail
42,MetadataSASRec+CL4SRec,MetadataSASRec,ndcg@20,797611,0.0214759784058517,0.0211249885064596,0.0218230719107067,0.0,0.0,all
43,MetadataSASRec+CL4SRec,MetadataSASRec,ndcg@20,797611,0.0138647220610794,0.0135237162725044,0.0142027552788726,0.0,0.0,all
44,MetadataSASRec+CL4SRec,MetadataSASRec,ndcg@20,797611,0.0163886462646283,0.0160572299921457,0.0167282884253013,0.0,0.0,all
45,MetadataSASRec+CL4SRec,MetadataSASRec,ndcg@20,797611,0.0150133232649657,0.0146690120216247,0.0153628091053582,0.0,0.0,all
46,MetadataSASRec+CL4SRec,MetadataSASRec,ndcg@20,797611,0.0137261590954041,0.013387930493189,0.0140677419689169,0.0,0.0,all
42,MetadataSASRec+CL4SRec,MetadataSASRec,ndcg@20,267585,0.0233238740554239,0.0227570204584793,0.0238987402235517,0.0,0.0,is_len_long
43,MetadataSASRec+CL4SRec,MetadataSASRec,ndcg@20,267585,0.0129098066328249,0.0123509752294574,0.0134653690040185,0.0,0.0,is_len_long
44,MetadataSASRec+CL4SRec,MetadataSASRec,ndcg@20,267585,0.0183988487284057,0.0178198147065311,0.0189720921398461,0.0,0.0,is_len_long
45,MetadataSASRec+CL4SRec,MetadataSASRec,ndcg@20,267585,0.0146049428934303,0.0140458094533887,0.0151712227150431,0.0,0.0,is_len_long
46,MetadataSASRec+CL4SRec,MetadataSASRec,ndcg@20,267585,0.0147155496562139,0.0141592862633041,0.015272915886404,0.0,0.0,is_len_long
42,MetadataSASRec+CL4SRec,MetadataSASRec,ndcg@20,263217,0.0150827001399827,0.0145450155472017,0.015622608234726,0.0,0.0,is_div_heterogeneous
43,MetadataSASRec+CL4SRec,MetadataSASRec,ndcg@20,263217,0.0099434741198968,0.0093960528761382,0.0104770346460372,0.0,7.662121677563198e-296,is_div_heterogeneous
44,MetadataSASRec+CL4SRec,MetadataSASRec,ndcg@20,263217,0.0110981770401694,0.0105699463352463,0.0116090837454421,0.0,0.0,is_div_heterogeneous
45,MetadataSASRec+CL4SRec,MetadataSASRec,ndcg@20,263217,0.010908964190419,0.0103647076884074,0.0114401101209559,0.0,0.0,is_div_heterogeneous
46,MetadataSASRec+CL4SRec,MetadataSASRec,ndcg@20,263217,0.0090617345013214,0.0085005798764152,0.0096096619038073,0.0,2.8691875744348357e-248,is_div_heterogeneous
42,MetadataSASRec+CL4SRec,MetadataSASRec,ndcg@20,304235,0.0153309976021026,0.0149224800640688,0.0157329165619021,0.0,0.0,is_target_pop_mid
43,MetadataSASRec+CL4SRec,MetadataSASRec,ndcg@20,304235,0.013882931608778,0.0134441357602352,0.014307841414711,0.0,0.0,is_target_pop_mid
44,MetadataSASRec+CL4SRec,MetadataSASRec,ndcg@20,304235,0.01182957287539,0.0114081381575539,0.0122472590846089,0.0,0.0,is_target_pop_mid
45,MetadataSASRec+CL4SRec,MetadataSASRec,ndcg@20,304235,0.0140607333892882,0.013611154135909,0.0145089492194535,0.0,0.0,is_target_pop_mid
46,MetadataSASRec+CL4SRec,MetadataSASRec,ndcg@20,304235,0.0133081892028544,0.0128722939029614,0.0137440202739887,0.0,0.0,is_target_pop_mid
42,MetadataSASRec+CL4SRec,MetadataSASRec,ndcg@20,65272,0.0062936345598581,0.0057497616815264,0.0068461050223656,0.0,1.2308924760026685e-109,is_target_pop_tail
43,MetadataSASRec+CL4SRec,MetadataSASRec,ndcg@20,65272,0.0063988059550251,0.0058225889727394,0.0069793773614924,0.0,1.1866715950012454e-107,is_target_pop_tail
44,MetadataSASRec+CL4SRec,MetadataSASRec,ndcg@20,65272,0.0066484026990275,0.0060531325427996,0.0072432472532317,0.0,5.814432278654116e-103,is_target_pop_tail
45,MetadataSASRec+CL4SRec,MetadataSASRec,ndcg@20,65272,0.0043391081933935,0.0036841778449748,0.0049931578553955,0.0,1.5271963694444131e-35,is_target_pop_tail
46,MetadataSASRec+CL4SRec,MetadataSASRec,ndcg@20,65272,0.006388248866153,0.0058118860170511,0.0069830654841932,0.0,1.8091765441623315e-99,is_target_pop_tail
42,MetadataSASRec+SimDCL,MetadataSASRec,ndcg@20,797611,-0.0198176239805478,-0.0201056835586979,-0.0195331999846257,0.0,0.0,all
43,MetadataSASRec+SimDCL,MetadataSASRec,ndcg@20,797611,-0.0248168379913011,-0.0251231157105947,-0.0245250585856087,0.0,0.0,all
44,MetadataSASRec+SimDCL,MetadataSASRec,ndcg@20,797611,-0.0268351379667093,-0.0271422262150545,-0.0265206110502096,0.0,0.0,all
45,MetadataSASRec+SimDCL,MetadataSASRec,ndcg@20,797611,-0.0243193762470773,-0.0246227477961214,-0.0240123653703242,0.0,0.0,all
46,MetadataSASRec+SimDCL,MetadataSASRec,ndcg@20,797611,-0.0259601888382058,-0.0262785464670345,-0.0256542067086286,0.0,0.0,all
42,MetadataSASRec+SimDCL,MetadataSASRec,ndcg@20,267585,-0.0184760622769528,-0.0189551503329278,-0.0179792090462177,0.0,0.0,is_len_long
43,MetadataSASRec+SimDCL,MetadataSASRec,ndcg@20,267585,-0.0244810264199585,-0.0249903488977297,-0.0239587229444973,0.0,0.0,is_len_long
44,MetadataSASRec+SimDCL,MetadataSASRec,ndcg@20,267585,-0.0244983287441123,-0.0250198995298784,-0.0239890974137645,0.0,0.0,is_len_long
45,MetadataSASRec+SimDCL,MetadataSASRec,ndcg@20,267585,-0.0247788253604171,-0.0253005696969407,-0.0242536662878224,0.0,0.0,is_len_long
46,MetadataSASRec+SimDCL,MetadataSASRec,ndcg@20,267585,-0.0250738922894175,-0.0255924244355722,-0.0245623711740801,0.0,0.0,is_len_long
42,MetadataSASRec+SimDCL,MetadataSASRec,ndcg@20,263217,-0.0173253269759925,-0.0177928870250202,-0.0168626897055561,0.0,0.0,is_div_heterogeneous
43,MetadataSASRec+SimDCL,MetadataSASRec,ndcg@20,263217,-0.0207840367006241,-0.0212691881223891,-0.0202899911593904,0.0,0.0,is_div_heterogeneous
44,MetadataSASRec+SimDCL,MetadataSASRec,ndcg@20,263217,-0.02342929052941,-0.0239110768235109,-0.022945686477967,0.0,0.0,is_div_heterogeneous
45,MetadataSASRec+SimDCL,MetadataSASRec,ndcg@20,263217,-0.0205058197147157,-0.0209885907932288,-0.0199978314139573,0.0,0.0,is_div_heterogeneous
46,MetadataSASRec+SimDCL,MetadataSASRec,ndcg@20,263217,-0.0214755598295189,-0.0219689380642962,-0.0209949609432338,0.0,0.0,is_div_heterogeneous
42,MetadataSASRec+SimDCL,MetadataSASRec,ndcg@20,304235,-0.0079720251761688,-0.0082564657894505,-0.0076750009833996,0.0,0.0,is_target_pop_mid
43,MetadataSASRec+SimDCL,MetadataSASRec,ndcg@20,304235,-0.0115402644297562,-0.0118646497015745,-0.0112241334378545,0.0,0.0,is_target_pop_mid
44,MetadataSASRec+SimDCL,MetadataSASRec,ndcg@20,304235,-0.0122825692023278,-0.0126191825661622,-0.0119470608099609,0.0,0.0,is_target_pop_mid
45,MetadataSASRec+SimDCL,MetadataSASRec,ndcg@20,304235,-0.0126534293884011,-0.0129951771738307,-0.0123197353233873,0.0,0.0,is_target_pop_mid
46,MetadataSASRec+SimDCL,MetadataSASRec,ndcg@20,304235,-0.0110068277769573,-0.0113337033344301,-0.0106909924332376,0.0,0.0,is_target_pop_mid
42,MetadataSASRec+SimDCL,MetadataSASRec,ndcg@20,65272,-0.0021498838271065,-0.0025025310831698,-0.0018038043924792,0.0,6.768892977674943e-36,is_target_pop_tail
43,MetadataSASRec+SimDCL,MetadataSASRec,ndcg@20,65272,-0.0038602712113767,-0.0042773512873451,-0.0034685221595742,0.0,6.53964385688825e-68,is_target_pop_tail
44,MetadataSASRec+SimDCL,MetadataSASRec,ndcg@20,65272,-0.0028459692773009,-0.0032841828510899,-0.0024412028259755,0.0,7.196138496412058e-41,is_target_pop_tail
45,MetadataSASRec+SimDCL,MetadataSASRec,ndcg@20,65272,-0.0072032541738691,-0.0076916475124699,-0.0067230359870346,0.0,3.483439413324143e-178,is_target_pop_tail
46,MetadataSASRec+SimDCL,MetadataSASRec,ndcg@20,65272,-0.0055464006007283,-0.0059697506264668,-0.0051208900243487,0.0,1.2561037828094248e-134,is_target_pop_tail
42,MetadataSASRec+SimDCL,MetadataSASRec+CL4SRec,ndcg@20,797611,-0.0412936023863995,-0.0416593134261014,-0.0409386742125248,0.0,0.0,all
43,MetadataSASRec+SimDCL,MetadataSASRec+CL4SRec,ndcg@20,797611,-0.0386815600523805,-0.039040150128362,-0.0383302077040994,0.0,0.0,all
44,MetadataSASRec+SimDCL,MetadataSASRec+CL4SRec,ndcg@20,797611,-0.0432237842313377,-0.0435980929771938,-0.0428670107596462,0.0,0.0,all
45,MetadataSASRec+SimDCL,MetadataSASRec+CL4SRec,ndcg@20,797611,-0.0393326995120431,-0.0396988208570889,-0.0389703649870165,0.0,0.0,all
46,MetadataSASRec+SimDCL,MetadataSASRec+CL4SRec,ndcg@20,797611,-0.03968634793361,-0.0400438593314431,-0.0393240335464004,0.0,0.0,all
42,MetadataSASRec+SimDCL,MetadataSASRec+CL4SRec,ndcg@20,267585,-0.0417999363323768,-0.0424153406856375,-0.0411857769791066,0.0,0.0,is_len_long
43,MetadataSASRec+SimDCL,MetadataSASRec+CL4SRec,ndcg@20,267585,-0.0373908330527834,-0.0379920679850923,-0.0368106485739114,0.0,0.0,is_len_long
44,MetadataSASRec+SimDCL,MetadataSASRec+CL4SRec,ndcg@20,267585,-0.0428971774725181,-0.0434954435470174,-0.0422816929532081,0.0,0.0,is_len_long
45,MetadataSASRec+SimDCL,MetadataSASRec+CL4SRec,ndcg@20,267585,-0.0393837682538474,-0.0399953072442715,-0.0387628278228325,0.0,0.0,is_len_long
46,MetadataSASRec+SimDCL,MetadataSASRec+CL4SRec,ndcg@20,267585,-0.0397894419456315,-0.0403831164585826,-0.0391971922263695,0.0,0.0,is_len_long
42,MetadataSASRec+SimDCL,MetadataSASRec+CL4SRec,ndcg@20,263217,-0.0324080271159753,-0.032955931018832,-0.0318570600134788,0.0,0.0,is_div_heterogeneous
43,MetadataSASRec+SimDCL,MetadataSASRec+CL4SRec,ndcg@20,263217,-0.0307275108205209,-0.0312847377134929,-0.0301607264221513,0.0,0.0,is_div_heterogeneous
44,MetadataSASRec+SimDCL,MetadataSASRec+CL4SRec,ndcg@20,263217,-0.0345274675695795,-0.0350688594000009,-0.0339690714751986,0.0,0.0,is_div_heterogeneous
45,MetadataSASRec+SimDCL,MetadataSASRec+CL4SRec,ndcg@20,263217,-0.0314147839051348,-0.031960734633117,-0.0308268069769431,0.0,0.0,is_div_heterogeneous
46,MetadataSASRec+SimDCL,MetadataSASRec+CL4SRec,ndcg@20,263217,-0.0305372943308403,-0.0310712192028734,-0.0299843566385544,0.0,0.0,is_div_heterogeneous
42,MetadataSASRec+SimDCL,MetadataSASRec+CL4SRec,ndcg@20,304235,-0.0233030227782714,-0.0237008399483709,-0.0228945535819794,0.0,0.0,is_target_pop_mid
43,MetadataSASRec+SimDCL,MetadataSASRec+CL4SRec,ndcg@20,304235,-0.0254231960385342,-0.0258514403259984,-0.0250133220476811,0.0,0.0,is_target_pop_mid
44,MetadataSASRec+SimDCL,MetadataSASRec+CL4SRec,ndcg@20,304235,-0.0241121420777179,-0.0245409632974327,-0.0236902412071136,0.0,0.0,is_target_pop_mid
45,MetadataSASRec+SimDCL,MetadataSASRec+CL4SRec,ndcg@20,304235,-0.0267141627776894,-0.0271500260142855,-0.0262849779656238,0.0,0.0,is_target_pop_mid
46,MetadataSASRec+SimDCL,MetadataSASRec+CL4SRec,ndcg@20,304235,-0.0243150169798117,-0.0247297923530901,-0.0239122829713835,0.0,0.0,is_target_pop_mid
42,MetadataSASRec+SimDCL,MetadataSASRec+CL4SRec,ndcg@20,65272,-0.0084435183869647,-0.0089752227217084,-0.0079241484922064,0.0,8.907691764398477e-209,is_target_pop_tail
43,MetadataSASRec+SimDCL,MetadataSASRec+CL4SRec,ndcg@20,65272,-0.0102590771664018,-0.0108254485909502,-0.0096913023338921,0.0,4.471912457271665e-270,is_target_pop_tail
44,MetadataSASRec+SimDCL,MetadataSASRec+CL4SRec,ndcg@20,65272,-0.0094943719763284,-0.0101010446301596,-0.0089117497481053,0.0,3.1504099846238157e-208,is_target_pop_tail
45,MetadataSASRec+SimDCL,MetadataSASRec+CL4SRec,ndcg@20,65272,-0.0115423623672626,-0.0121267222620415,-0.0109669917282084,0.0,0.0,is_target_pop_tail
46,MetadataSASRec+SimDCL,MetadataSASRec+CL4SRec,ndcg@20,65272,-0.0119346494668814,-0.0125491886364845,-0.0113121081250921,0.0,0.0,is_target_pop_tail
42,MetadataComiRecSA,MetadataSASRec,ndcg@20,797611,-0.0030378769718597,-0.0033422178788144,-0.00273215066669,0.0,4.0699348319241485e-99,all
43,MetadataComiRecSA,MetadataSASRec,ndcg@20,797611,-0.005905427196784,-0.0062109674219072,-0.0056002719953192,0.0,0.0,all
44,MetadataComiRecSA,MetadataSASRec,ndcg@20,797611,-0.0065133519326893,-0.006812906119286,-0.0062043040016842,0.0,0.0,all
45,MetadataComiRecSA,MetadataSASRec,ndcg@20,797611,-0.0195785889926398,-0.0198894784056344,-0.0192679669093861,0.0,0.0,all
46,MetadataComiRecSA,MetadataSASRec,ndcg@20,797611,-0.0204146962063573,-0.0207308554714089,-0.020104099371522,0.0,0.0,all
42,MetadataComiRecSA,MetadataSASRec,ndcg@20,267585,-0.0019636214361667,-0.0024701515706362,-0.0014633008377302,0.0,6.3490354643568245e-16,is_len_long
43,MetadataComiRecSA,MetadataSASRec,ndcg@20,267585,-0.0064762540563344,-0.0070012627344533,-0.0059506682478765,0.0,2.4483630419095943e-140,is_len_long
44,MetadataComiRecSA,MetadataSASRec,ndcg@20,267585,-0.0068799592000759,-0.00738586969288,-0.0063884269653933,0.0,2.0317338009588653e-151,is_len_long
45,MetadataComiRecSA,MetadataSASRec,ndcg@20,267585,-0.0205677889737412,-0.0210851787874346,-0.0200280783178255,0.0,0.0,is_len_long
46,MetadataComiRecSA,MetadataSASRec,ndcg@20,267585,-0.0204168383147616,-0.0209451681258285,-0.0198873636067511,0.0,0.0,is_len_long
42,MetadataComiRecSA,MetadataSASRec,ndcg@20,263217,-0.0022797989961743,-0.0027703200268026,-0.0017700640443374,0.0,2.1723432504058216e-24,is_div_heterogeneous
43,MetadataComiRecSA,MetadataSASRec,ndcg@20,263217,-0.0043875380210643,-0.0048912928943941,-0.0038771959111626,0.0,1.2554901383665526e-69,is_div_heterogeneous
44,MetadataComiRecSA,MetadataSASRec,ndcg@20,263217,-0.0047602407088435,-0.0052488134450456,-0.0042610447120975,0.0,1.2493966774336766e-86,is_div_heterogeneous
45,MetadataComiRecSA,MetadataSASRec,ndcg@20,263217,-0.0159322170840587,-0.0164469242996563,-0.0154178770620249,0.0,0.0,is_div_heterogeneous
46,MetadataComiRecSA,MetadataSASRec,ndcg@20,263217,-0.0164936660142473,-0.0170061752961608,-0.0160041072643761,0.0,0.0,is_div_heterogeneous
42,MetadataComiRecSA,MetadataSASRec,ndcg@20,304235,-0.0049664171433599,-0.005280410408645,-0.0046641572356475,0.0,1.6480923688946155e-210,is_target_pop_mid
43,MetadataComiRecSA,MetadataSASRec,ndcg@20,304235,-0.004463158428951,-0.0047859581225011,-0.0041121068194709,0.0,1.0758182210964024e-141,is_target_pop_mid
44,MetadataComiRecSA,MetadataSASRec,ndcg@20,304235,-0.0034778847855342,-0.0038296765560442,-0.0031218134424098,0.0,2.0129079320862638e-76,is_target_pop_mid
45,MetadataComiRecSA,MetadataSASRec,ndcg@20,304235,-0.0107766415175676,-0.0111431591142878,-0.010416291683611,0.0,0.0,is_target_pop_mid
46,MetadataComiRecSA,MetadataSASRec,ndcg@20,304235,-0.0093584890370978,-0.0096872313137382,-0.0090323387426438,0.0,0.0,is_target_pop_mid
42,MetadataComiRecSA,MetadataSASRec,ndcg@20,65272,-0.002097195419226,-0.002454898923732,-0.0017250423899605,0.0,1.262543443278775e-28,is_target_pop_tail
43,MetadataComiRecSA,MetadataSASRec,ndcg@20,65272,-0.002072841450307,-0.0025074511079774,-0.0016457594840782,0.0,4.018341643282549e-19,is_target_pop_tail
44,MetadataComiRecSA,MetadataSASRec,ndcg@20,65272,-0.0011884512455806,-0.0016472008481526,-0.000759993355306,0.0,1.370163629297426e-09,is_target_pop_tail
45,MetadataComiRecSA,MetadataSASRec,ndcg@20,65272,-0.005516681628674,-0.0060409326703072,-0.005011319956859,0.0,3.718435669725386e-99,is_target_pop_tail
46,MetadataComiRecSA,MetadataSASRec,ndcg@20,65272,-0.003229908735149,-0.0036983772056533,-0.0027721013434187,0.0,6.163806801984563e-44,is_target_pop_tail
42,MetadataSASRec+CL4SRec,MetadataSASRec,rr@20,797611,0.0135600013269505,0.0132669316509592,0.0138640984622717,0.0,0.0,all
43,MetadataSASRec+CL4SRec,MetadataSASRec,rr@20,797611,0.0089716937937344,0.0086871400906028,0.0092649701672292,0.0,0.0,all
44,MetadataSASRec+CL4SRec,MetadataSASRec,rr@20,797611,0.0106560349030257,0.0103645843431251,0.0109550606541241,0.0,0.0,all
45,MetadataSASRec+CL4SRec,MetadataSASRec,rr@20,797611,0.0098919178502931,0.0095957175639262,0.0101923480946944,0.0,0.0,all
46,MetadataSASRec+CL4SRec,MetadataSASRec,rr@20,797611,0.0089411973063845,0.0086459456118704,0.0092363954909199,0.0,0.0,all
42,MetadataSASRec+CL4SRec,MetadataSASRec,rr@20,267585,0.0147844149911766,0.0143021888907447,0.0152818271386714,0.0,0.0,is_len_long
43,MetadataSASRec+CL4SRec,MetadataSASRec,rr@20,267585,0.0086243736480512,0.0081364891762598,0.0091135078801033,0.0,0.0,is_len_long
44,MetadataSASRec+CL4SRec,MetadataSASRec,rr@20,267585,0.0120916317434772,0.0115897637154777,0.012590598621344,0.0,0.0,is_len_long
45,MetadataSASRec+CL4SRec,MetadataSASRec,rr@20,267585,0.0097952538429147,0.0093050845427415,0.010312461464872,0.0,0.0,is_len_long
46,MetadataSASRec+CL4SRec,MetadataSASRec,rr@20,267585,0.0097071857066521,0.0092245520861031,0.0101845344848663,0.0,0.0,is_len_long
42,MetadataSASRec+CL4SRec,MetadataSASRec,rr@20,263217,0.0092553763714556,0.0087900225648339,0.0097218544399157,0.0,0.0,is_div_heterogeneous
43,MetadataSASRec+CL4SRec,MetadataSASRec,rr@20,263217,0.0063452906183453,0.0058881221356922,0.0068081630871592,0.0,3.2187976289786828e-254,is_div_heterogeneous
44,MetadataSASRec+CL4SRec,MetadataSASRec,rr@20,263217,0.0068851047157594,0.0064363339289178,0.0073115043664651,0.0,0.0,is_div_heterogeneous
45,MetadataSASRec+CL4SRec,MetadataSASRec,rr@20,263217,0.0071431353711612,0.0066863343741057,0.0075992904543099,0.0,0.0,is_div_heterogeneous
46,MetadataSASRec+CL4SRec,MetadataSASRec,rr@20,263217,0.0058350581256149,0.0053643886433024,0.0063059235217387,0.0,1.3687822461184138e-225,is_div_heterogeneous
42,MetadataSASRec+CL4SRec,MetadataSASRec,rr@20,304235,0.0083139170462321,0.0079983327892485,0.0086353747081518,0.0,0.0,is_target_pop_mid
43,MetadataSASRec+CL4SRec,MetadataSASRec,rr@20,304235,0.0080732752584882,0.0077269375281627,0.0084187406136727,0.0,0.0,is_target_pop_mid
44,MetadataSASRec+CL4SRec,MetadataSASRec,rr@20,304235,0.0065546328396593,0.0062104984104188,0.0068895901121993,0.0,0.0,is_target_pop_mid
45,MetadataSASRec+CL4SRec,MetadataSASRec,rr@20,304235,0.0076911871555495,0.0073415417115825,0.008042426719533,0.0,0.0,is_target_pop_mid
46,MetadataSASRec+CL4SRec,MetadataSASRec,rr@20,304235,0.007357521118527,0.0070265110629924,0.0076879846918835,0.0,0.0,is_target_pop_mid
42,MetadataSASRec+CL4SRec,MetadataSASRec,rr@20,65272,0.0027744895892722,0.0024042648304402,0.0031441404222166,0.0,5.206174021183979e-91,is_target_pop_tail
43,MetadataSASRec+CL4SRec,MetadataSASRec,rr@20,65272,0.0028139927879863,0.0023983424942867,0.003232705631349,0.0,3.5030328871275047e-99,is_target_pop_tail
44,MetadataSASRec+CL4SRec,MetadataSASRec,rr@20,65272,0.0033977528839705,0.0029572838292185,0.0038347571095046,0.0,6.863049732429549e-88,is_target_pop_tail
45,MetadataSASRec+CL4SRec,MetadataSASRec,rr@20,65272,0.0020477116620732,0.0015595994276135,0.0025332072855795,0.0,2.4763745453360634e-31,is_target_pop_tail
46,MetadataSASRec+CL4SRec,MetadataSASRec,rr@20,65272,0.0036502188616209,0.0031892038401628,0.004107469487541,0.0,1.833772161229426e-88,is_target_pop_tail
42,MetadataSASRec+SimDCL,MetadataSASRec,rr@20,797611,-0.0117991307308765,-0.0120287699740407,-0.011573501203091,0.0,0.0,all
43,MetadataSASRec+SimDCL,MetadataSASRec,rr@20,797611,-0.0147051376630179,-0.0149507261747432,-0.0144715785875337,0.0,0.0,all
44,MetadataSASRec+SimDCL,MetadataSASRec,rr@20,797611,-0.0160158698478823,-0.0162711291624344,-0.0157622192128167,0.0,0.0,all
45,MetadataSASRec+SimDCL,MetadataSASRec,rr@20,797611,-0.0146399775685875,-0.0148865029495436,-0.0143969842379912,0.0,0.0,all
46,MetadataSASRec+SimDCL,MetadataSASRec,rr@20,797611,-0.0155612757263125,-0.0158191971963077,-0.0153095955470709,0.0,0.0,all
42,MetadataSASRec+SimDCL,MetadataSASRec,rr@20,267585,-0.0109409608574832,-0.0113156931765973,-0.01054845084616,0.0,0.0,is_len_long
43,MetadataSASRec+SimDCL,MetadataSASRec,rr@20,267585,-0.0143986089117928,-0.0148211198035678,-0.013982849388061,0.0,0.0,is_len_long
44,MetadataSASRec+SimDCL,MetadataSASRec,rr@20,267585,-0.0142978626609965,-0.0147185598994197,-0.0138801846967419,0.0,0.0,is_len_long
45,MetadataSASRec+SimDCL,MetadataSASRec,rr@20,267585,-0.0148827609013374,-0.0152881504572003,-0.0144516213431992,0.0,0.0,is_len_long
46,MetadataSASRec+SimDCL,MetadataSASRec,rr@20,267585,-0.0149725652997713,-0.015389783322379,-0.014565032724212,0.0,0.0,is_len_long
42,MetadataSASRec+SimDCL,MetadataSASRec,rr@20,263217,-0.0102804228256822,-0.0106522377575241,-0.0099124489384202,0.0,0.0,is_div_heterogeneous
43,MetadataSASRec+SimDCL,MetadataSASRec,rr@20,263217,-0.0123399057208264,-0.0127181634156258,-0.0119491456161821,0.0,0.0,is_div_heterogeneous
44,MetadataSASRec+SimDCL,MetadataSASRec,rr@20,263217,-0.01395370090051,-0.0143357795463933,-0.0135722284852271,0.0,0.0,is_div_heterogeneous
45,MetadataSASRec+SimDCL,MetadataSASRec,rr@20,263217,-0.0123787873665192,-0.0127753769460352,-0.0119705627574871,0.0,0.0,is_div_heterogeneous
46,MetadataSASRec+SimDCL,MetadataSASRec,rr@20,263217,-0.0128455092371299,-0.0132375662846671,-0.0124653973310069,0.0,0.0,is_div_heterogeneous
42,MetadataSASRec+SimDCL,MetadataSASRec,rr@20,304235,-0.0041704932341632,-0.0043897792709805,-0.0039492201786502,0.0,0.0,is_target_pop_mid
43,MetadataSASRec+SimDCL,MetadataSASRec,rr@20,304235,-0.0060449163670725,-0.0062871754639619,-0.0058061767534978,0.0,0.0,is_target_pop_mid
44,MetadataSASRec+SimDCL,MetadataSASRec,rr@20,304235,-0.0064687149303554,-0.0067173049905875,-0.0062168112636412,0.0,0.0,is_target_pop_mid
45,MetadataSASRec+SimDCL,MetadataSASRec,rr@20,304235,-0.0072258394383347,-0.0074927946223289,-0.0069688567810374,0.0,0.0,is_target_pop_mid
46,MetadataSASRec+SimDCL,MetadataSASRec,rr@20,304235,-0.005779891643864,-0.006021677880127,-0.0055418044866492,0.0,0.0,is_target_pop_mid
42,MetadataSASRec+SimDCL,MetadataSASRec,rr@20,65272,-0.0010113967052984,-0.0012629558475347,-0.0007645627228342,0.0,1.933911654769295e-32,is_target_pop_tail
43,MetadataSASRec+SimDCL,MetadataSASRec,rr@20,65272,-0.0017619559130301,-0.0020570014387855,-0.0014800678540754,0.0,4.3645535916655363e-66,is_target_pop_tail
44,MetadataSASRec+SimDCL,MetadataSASRec,rr@20,65272,-0.0014695659656872,-0.0017832288725016,-0.0011750690417784,0.0,5.880734076440483e-38,is_target_pop_tail
45,MetadataSASRec+SimDCL,MetadataSASRec,rr@20,65272,-0.0037268096238913,-0.0040806371412649,-0.003386422479722,0.0,2.5146795427278522e-172,is_target_pop_tail
46,MetadataSASRec+SimDCL,MetadataSASRec,rr@20,65272,-0.0030616827371812,-0.0033659470499043,-0.0027673698679937,0.0,4.425045627521533e-129,is_target_pop_tail
42,MetadataSASRec+SimDCL,MetadataSASRec+CL4SRec,rr@20,797611,-0.025359132057827,-0.0256596370981824,-0.0250704035252265,0.0,0.0,all
43,MetadataSASRec+SimDCL,MetadataSASRec+CL4SRec,rr@20,797611,-0.0236768314567523,-0.023963236451974,-0.0233838950342737,0.0,0.0,all
44,MetadataSASRec+SimDCL,MetadataSASRec+CL4SRec,rr@20,797611,-0.026671904750908,-0.0269742783449391,-0.0263801340963658,0.0,0.0,all
45,MetadataSASRec+SimDCL,MetadataSASRec+CL4SRec,rr@20,797611,-0.0245318954188807,-0.0248369291591564,-0.0242394929534388,0.0,0.0,all
46,MetadataSASRec+SimDCL,MetadataSASRec+CL4SRec,rr@20,797611,-0.024502473032697,-0.0247881870498218,-0.0242078095461009,0.0,0.0,all
42,MetadataSASRec+SimDCL,MetadataSASRec+CL4SRec,rr@20,267585,-0.0257253758486599,-0.0262220676374058,-0.0252332840017815,0.0,0.0,is_len_long
43,MetadataSASRec+SimDCL,MetadataSASRec+CL4SRec,rr@20,267585,-0.023022982559844,-0.0235166625684912,-0.0225340926831908,0.0,0.0,is_len_long
44,MetadataSASRec+SimDCL,MetadataSASRec+CL4SRec,rr@20,267585,-0.0263894944044738,-0.0268857377686908,-0.0258793012435161,0.0,0.0,is_len_long
45,MetadataSASRec+SimDCL,MetadataSASRec+CL4SRec,rr@20,267585,-0.0246780147442522,-0.0251912411596618,-0.0241751642341036,0.0,0.0,is_len_long
46,MetadataSASRec+SimDCL,MetadataSASRec+CL4SRec,rr@20,267585,-0.0246797510064234,-0.0251707342829716,-0.0241905070658994,0.0,0.0,is_len_long
42,MetadataSASRec+SimDCL,MetadataSASRec+CL4SRec,rr@20,263217,-0.0195357991971378,-0.0199801733738685,-0.0190820995694749,0.0,0.0,is_div_heterogeneous
43,MetadataSASRec+SimDCL,MetadataSASRec+CL4SRec,rr@20,263217,-0.0186851963391718,-0.0191285996805118,-0.0182337202393388,0.0,0.0,is_div_heterogeneous
44,MetadataSASRec+SimDCL,MetadataSASRec+CL4SRec,rr@20,263217,-0.0208388056162694,-0.0212828264775886,-0.0203934897974019,0.0,0.0,is_div_heterogeneous
45,MetadataSASRec+SimDCL,MetadataSASRec+CL4SRec,rr@20,263217,-0.0195219227376804,-0.019962787706716,-0.0190503997636238,0.0,0.0,is_div_heterogeneous
46,MetadataSASRec+SimDCL,MetadataSASRec+CL4SRec,rr@20,263217,-0.0186805673627449,-0.0191262904570338,-0.0182374848768423,0.0,0.0,is_div_heterogeneous
42,MetadataSASRec+SimDCL,MetadataSASRec+CL4SRec,rr@20,304235,-0.0124844102803953,-0.0127855710933355,-0.0121747397810616,0.0,0.0,is_target_pop_mid
43,MetadataSASRec+SimDCL,MetadataSASRec+CL4SRec,rr@20,304235,-0.0141181916255607,-0.0144430659339865,-0.0137998414905857,0.0,0.0,is_target_pop_mid
44,MetadataSASRec+SimDCL,MetadataSASRec+CL4SRec,rr@20,304235,-0.0130233477700147,-0.0133470776495876,-0.0126995213336557,0.0,0.0,is_target_pop_mid
45,MetadataSASRec+SimDCL,MetadataSASRec+CL4SRec,rr@20,304235,-0.0149170265938842,-0.0152551908135547,-0.0145865411959165,0.0,0.0,is_target_pop_mid
46,MetadataSASRec+SimDCL,MetadataSASRec+CL4SRec,rr@20,304235,-0.0131374127623911,-0.0134470434806995,-0.0128349479708138,0.0,0.0,is_target_pop_mid
42,MetadataSASRec+SimDCL,MetadataSASRec+CL4SRec,rr@20,65272,-0.0037858862945707,-0.0041383172359886,-0.0034302066136138,0.0,1.1080357417864086e-201,is_target_pop_tail
43,MetadataSASRec+SimDCL,MetadataSASRec+CL4SRec,rr@20,65272,-0.0045759487010164,-0.0049739218437736,-0.0041791542877321,0.0,2.609411519382145e-257,is_target_pop_tail
44,MetadataSASRec+SimDCL,MetadataSASRec+CL4SRec,rr@20,65272,-0.0048673188496577,-0.0053068538311348,-0.004441974172917,0.0,2.504069325848688e-190,is_target_pop_tail
45,MetadataSASRec+SimDCL,MetadataSASRec+CL4SRec,rr@20,65272,-0.0057745212859645,-0.0061938817194223,-0.005354874864928,0.0,3.2768461563562654e-298,is_target_pop_tail
46,MetadataSASRec+SimDCL,MetadataSASRec+CL4SRec,rr@20,65272,-0.0067119015988022,-0.0072043920779467,-0.0062193951755418,0.0,5.835883688378327e-301,is_target_pop_tail
42,MetadataComiRecSA,MetadataSASRec,rr@20,797611,-0.0014097833760229,-0.00166375231582,-0.0011582349875919,0.0,3.5178226737488675e-86,all
43,MetadataComiRecSA,MetadataSASRec,rr@20,797611,-0.0036196044574617,-0.0038812141257022,-0.0033650150488437,0.0,2.158664966310411e-283,all
44,MetadataComiRecSA,MetadataSASRec,rr@20,797611,-0.0040101662267643,-0.0042643557881155,-0.0037536607920292,0.0,0.0,all
45,MetadataComiRecSA,MetadataSASRec,rr@20,797611,-0.0119881972544156,-0.0122431897307589,-0.011735150933091,0.0,0.0,all
46,MetadataComiRecSA,MetadataSASRec,rr@20,797611,-0.0125562279010983,-0.0128071793251053,-0.0123059394009233,0.0,0.0,all
42,MetadataComiRecSA,MetadataSASRec,rr@20,267585,-0.0008519465338142,-0.0012682774523242,-0.0004305957640788,0.0,1.709555517944464e-13,is_len_long
43,MetadataComiRecSA,MetadataSASRec,rr@20,267585,-0.0040277443583293,-0.0044867624041568,-0.0035865492448796,0.0,3.3377607294770687e-127,is_len_long
44,MetadataComiRecSA,MetadataSASRec,rr@20,267585,-0.0040960595273483,-0.0045231259061694,-0.0036796102645649,0.0,8.173900941707469e-130,is_len_long
45,MetadataComiRecSA,MetadataSASRec,rr@20,267585,-0.0125888487927408,-0.012999287564537,-0.0121520170998602,0.0,0.0,is_len_long
46,MetadataComiRecSA,MetadataSASRec,rr@20,267585,-0.0124826702231098,-0.012905855867096,-0.0120580216591853,0.0,0.0,is_len_long
42,MetadataComiRecSA,MetadataSASRec,rr@20,263217,-0.0008279058479692,-0.0012373509598045,-0.0004024097650702,0.0,2.378760401248446e-21,is_div_heterogeneous
43,MetadataComiRecSA,MetadataSASRec,rr@20,263217,-0.0026643526414201,-0.0030724133915595,-0.0022511895503608,0.0,2.4400072214574718e-60,is_div_heterogeneous
44,MetadataComiRecSA,MetadataSASRec,rr@20,263217,-0.0027807455669885,-0.00318919070939,-0.0023683930635864,0.0,1.8725830167369564e-74,is_div_heterogeneous
45,MetadataComiRecSA,MetadataSASRec,rr@20,263217,-0.0097752269770671,-0.0101900868834918,-0.0093614720048632,0.0,0.0,is_div_heterogeneous
46,MetadataComiRecSA,MetadataSASRec,rr@20,263217,-0.0099375685403131,-0.0103535847945212,-0.0095391871964101,0.0,0.0,is_div_heterogeneous
42,MetadataComiRecSA,MetadataSASRec,rr@20,304235,-0.0029037215801199,-0.0031304316240467,-0.0026760921528848,0.0,9.269613318274802e-201,is_target_pop_mid
43,MetadataComiRecSA,MetadataSASRec,rr@20,304235,-0.002509097105474,-0.0027623789880627,-0.0022495225992566,0.0,5.401970185821526e-133,is_target_pop_mid
44,MetadataComiRecSA,MetadataSASRec,rr@20,304235,-0.0019485566622933,-0.0022234562226637,-0.001674032186776,0.0,5.233940413893484e-62,is_target_pop_mid
45,MetadataComiRecSA,MetadataSASRec,rr@20,304235,-0.0060279931928472,-0.0063098294454139,-0.0057434353817053,0.0,0.0,is_target_pop_mid
46,MetadataComiRecSA,MetadataSASRec,rr@20,304235,-0.0051261393913872,-0.0053697886813538,-0.0048971753396425,0.0,0.0,is_target_pop_mid
42,MetadataComiRecSA,MetadataSASRec,rr@20,65272,-0.0009907177019521,-0.0012461451900556,-0.0007239289796081,0.0,4.2236247373940955e-28,is_target_pop_tail
43,MetadataComiRecSA,MetadataSASRec,rr@20,65272,-0.0009943508852314,-0.001299601877238,-0.0006927510889064,0.0,1.0052383280502501e-17,is_target_pop_tail
44,MetadataComiRecSA,MetadataSASRec,rr@20,65272,-0.0006826596359556,-0.0010270236444684,-0.0003651225242671,0.0,1.7034935467803727e-10,is_target_pop_tail
45,MetadataComiRecSA,MetadataSASRec,rr@20,65272,-0.0026743872140725,-0.0030610667347321,-0.0022908871490253,0.0,1.5055313305393911e-92,is_target_pop_tail
46,MetadataComiRecSA,MetadataSASRec,rr@20,65272,-0.0017010739119054,-0.0020466797497117,-0.0013612633118257,0.0,7.576794000745894e-39,is_target_pop_tail
42,SASRec,MetadataSASRec,hit@20,766381,-0.007232694965036965,-0.007890363931256125,-0.00656853444957535,0.0,1.663217167237172e-102,all
43,SASRec,MetadataSASRec,hit@20,797611,-0.018307169785772764,-0.018969177957676105,-0.017657699053799412,0.0,0.0,all
44,SASRec,MetadataSASRec,hit@20,797611,-0.020457340733766205,-0.021159468713445522,-0.019775272657974883,0.0,0.0,all
45,SASRec,MetadataSASRec,hit@20,797611,-0.02894894879834907,-0.029634840793319052,-0.02823180723435359,0.0,0.0,all
46,SASRec,MetadataSASRec,hit@20,774484,-0.08822131896850031,-0.08886565119486008,-0.08757056311040642,0.0,0.0,all
42,SASRec,MetadataSASRec,hit@20,257095,-0.004998152433925193,-0.006060016725335002,-0.003905171240203037,0.0,2.4239110429933093e-19,is_len_long
43,SASRec,MetadataSASRec,hit@20,267585,-0.019945064185212177,-0.021043780480968666,-0.018849991591456918,0.0,5.659069104766937e-273,is_len_long
44,SASRec,MetadataSASRec,hit@20,267585,-0.020016069660107993,-0.021152250686697686,-0.01889483715454902,0.0,1.4457350403998253e-252,is_len_long
45,SASRec,MetadataSASRec,hit@20,267585,-0.0278603060709681,-0.029022553581105073,-0.026683110039800437,0.0,0.0,is_len_long
46,SASRec,MetadataSASRec,hit@20,259842,-0.08213067941287398,-0.08322365129578745,-0.08102606584001047,0.0,0.0,is_len_long
42,SASRec,MetadataSASRec,hit@20,252904,-0.007208268750197706,-0.008272111156802585,-0.006168249612501194,0.0,2.5861374473587868e-40,is_div_heterogeneous
43,SASRec,MetadataSASRec,hit@20,263217,-0.013783304269860991,-0.014873754354771916,-0.012696653331661716,0.0,4.657659339584493e-139,is_div_heterogeneous
44,SASRec,MetadataSASRec,hit@20,263217,-0.015671480185550327,-0.016742839558235224,-0.014524137878632458,0.0,9.60547061590696e-164,is_div_heterogeneous
45,SASRec,MetadataSASRec,hit@20,263217,-0.02311400859366987,-0.024204458678580794,-0.022000858607156837,0.0,0.0,is_div_heterogeneous
46,SASRec,MetadataSASRec,hit@20,255614,-0.07281682536950244,-0.07391232483353807,-0.0717640661309631,0.0,0.0,is_div_heterogeneous
42,SASRec,MetadataSASRec,hit@20,292503,-0.006058057524196331,-0.006895655771051924,-0.0052580657292403896,0.0,6.453651393999239e-48,is_target_pop_mid
43,SASRec,MetadataSASRec,hit@20,304235,-0.015583348398441998,-0.016385360001314773,-0.014745180534783967,0.0,2.125061128221672e-288,is_target_pop_mid
44,SASRec,MetadataSASRec,hit@20,304235,-0.018788107877134454,-0.019649448617023026,-0.01791698851216987,0.0,0.0,is_target_pop_mid
45,SASRec,MetadataSASRec,hit@20,304235,-0.01877496014593982,-0.019688727463967,-0.01791378375269118,0.0,0.0,is_target_pop_mid
46,SASRec,MetadataSASRec,hit@20,295400,-0.044031821259309406,-0.0448071259309411,-0.04329722410291131,0.0,0.0,is_target_pop_mid
42,SASRec,MetadataSASRec,hit@20,62713,-0.004369110072871654,-0.005453414762489435,-0.0033166966976543952,0.0,2.1994600261270638e-15,is_target_pop_tail
43,SASRec,MetadataSASRec,hit@20,65272,-0.013007108714303224,-0.014140826081627651,-0.011873391346978797,0.0,7.268921001181829e-109,is_target_pop_tail
44,SASRec,MetadataSASRec,hit@20,65272,-0.011260571148425054,-0.012394288515749478,-0.010249417820811374,0.0,1.92639882882753e-92,is_target_pop_tail
45,SASRec,MetadataSASRec,hit@20,65272,-0.017434734648854026,-0.018752298075744578,-0.01617845324181885,0.0,1.2088311538274224e-147,is_target_pop_tail
46,SASRec,MetadataSASRec,hit@20,63422,-0.019267761975339786,-0.020324177730125192,-0.018195578821229227,0.0,5.387846179588737e-266,is_target_pop_tail
42,SASRec,MetadataSASRec,ndcg@20,766381,-0.0029300624219898014,-0.0032142348807979964,-0.002634040846921655,0.0,2.259586208261976e-90,all
43,SASRec,MetadataSASRec,ndcg@20,797611,-0.00765296577696881,-0.007944579655963502,-0.007364254910824641,0.0,0.0,all
44,SASRec,MetadataSASRec,ndcg@20,797611,-0.009158938286075311,-0.009467444899934362,-0.008848080587509828,0.0,0.0,all
45,SASRec,MetadataSASRec,ndcg@20,797611,-0.012193902627444464,-0.012502234685860272,-0.011874939507932095,0.0,0.0,all
46,SASRec,MetadataSASRec,ndcg@20,774484,-0.035340192593502795,-0.03563708830369464,-0.03504469671031393,0.0,0.0,all
42,SASRec,MetadataSASRec,ndcg@20,257095,-0.002042387937565865,-0.0025102065953735357,-0.001555830683847666,0.0,3.599868273776529e-17,is_len_long
43,SASRec,MetadataSASRec,ndcg@20,267585,-0.008614503981041438,-0.009103886899448544,-0.0081326714057394,0.0,3.3519224357600484e-279,is_len_long
44,SASRec,MetadataSASRec,ndcg@20,267585,-0.008491465359822082,-0.0090119048868041,-0.007987696348530764,0.0,4.127802801903744e-232,is_len_long
45,SASRec,MetadataSASRec,ndcg@20,267585,-0.01151536172944733,-0.012048285787502762,-0.010977729994737838,0.0,0.0,is_len_long
46,SASRec,MetadataSASRec,ndcg@20,259842,-0.032902022391210935,-0.033392166399731145,-0.03239494378695359,0.0,0.0,is_len_long
42,SASRec,MetadataSASRec,ndcg@20,252904,-0.002967948730875889,-0.00342188281630013,-0.0025099439891943932,0.0,3.338867524589557e-36,is_div_heterogeneous
43,SASRec,MetadataSASRec,ndcg@20,263217,-0.005742712331376951,-0.00621414163126667,-0.005266563635575159,0.0,9.30809535514866e-127,is_div_heterogeneous
44,SASRec,MetadataSASRec,ndcg@20,263217,-0.007069470811341998,-0.007556123912111511,-0.006569281216773904,0.0,5.888087638263173e-164,is_div_heterogeneous
45,SASRec,MetadataSASRec,ndcg@20,263217,-0.009840067862165135,-0.010347092163158473,-0.00932331511062371,0.0,0.0,is_div_heterogeneous
46,SASRec,MetadataSASRec,ndcg@20,255614,-0.029023592433018493,-0.029501415286852222,-0.02855018374218028,0.0,0.0,is_div_heterogeneous
42,SASRec,MetadataSASRec,ndcg@20,292503,-0.0023640890333543278,-0.0027026101121799683,-0.002041641243466175,0.0,9.847625936837457e-42,is_target_pop_mid
43,SASRec,MetadataSASRec,ndcg@20,304235,-0.005918826413634625,-0.006245437629066457,-0.005592424441441305,0.0,9.681965149579544e-265,is_target_pop_mid
44,SASRec,MetadataSASRec,ndcg@20,304235,-0.007231807279705668,-0.007571350972773257,-0.006887246401833577,0.0,0.0,is_target_pop_mid
45,SASRec,MetadataSASRec,ndcg@20,304235,-0.007892741943571497,-0.008259915650969387,-0.007543243476712596,0.0,0.0,is_target_pop_mid
46,SASRec,MetadataSASRec,ndcg@20,295400,-0.015808856013640578,-0.016123262596196744,-0.01550663074776476,0.0,0.0,is_target_pop_mid
42,SASRec,MetadataSASRec,ndcg@20,62713,-0.0014176859979949008,-0.0018286754783744749,-0.0010379096550549563,0.0,1.2901323618596316e-12,is_target_pop_tail
43,SASRec,MetadataSASRec,ndcg@20,65272,-0.0045375864271846415,-0.0049536661354447785,-0.0041340990143891925,0.0,2.757638092175225e-93,is_target_pop_tail
44,SASRec,MetadataSASRec,ndcg@20,65272,-0.004026353022340527,-0.004457718766308731,-0.00363229659712732,0.0,8.792710106132087e-81,is_target_pop_tail
45,SASRec,MetadataSASRec,ndcg@20,65272,-0.00628514559654653,-0.00680762281631438,-0.005781680110691669,0.0,9.691049373996033e-121,is_target_pop_tail
46,SASRec,MetadataSASRec,ndcg@20,63422,-0.007063657565096893,-0.007494173456300385,-0.00663566305427057,0.0,1.3481312693068633e-200,is_target_pop_tail
42,SASRec,MetadataSASRec,rr@20,766381,-0.0017430649953501312,-0.0019761523018171742,-0.0015018671811147452,0.0,3.07762912955915e-79,all
43,SASRec,MetadataSASRec,rr@20,797611,-0.004730948046024811,-0.004981920929455426,-0.004491306205553462,0.0,0.0,all
44,SASRec,MetadataSASRec,rr@20,797611,-0.006029542278606262,-0.00628811449739012,-0.0057646262391060025,0.0,0.0,all
45,SASRec,MetadataSASRec,rr@20,797611,-0.00754811281442486,-0.0078038491772927515,-0.007285874324425376,0.0,0.0,all
46,SASRec,MetadataSASRec,rr@20,774484,-0.02093064403751146,-0.02117132485994867,-0.020692994906152975,0.0,0.0,all
42,SASRec,MetadataSASRec,rr@20,257095,-0.0012325245060576962,-0.0016167532740025635,-0.0008280486459535158,0.0,2.3050848534569827e-16,is_len_long
43,SASRec,MetadataSASRec,rr@20,267585,-0.005488833661743152,-0.005889474714204727,-0.005077598959811593,0.0,1.4878405804637344e-251,is_len_long
44,SASRec,MetadataSASRec,rr@20,267585,-0.005325527982848879,-0.005763721455481542,-0.004897174155237627,0.0,1.2742950225578015e-205,is_len_long
45,SASRec,MetadataSASRec,rr@20,267585,-0.006987242286956951,-0.00742048163776327,-0.0065488555145184115,0.0,0.0,is_len_long
46,SASRec,MetadataSASRec,rr@20,259842,-0.019489461688359834,-0.01986855728706648,-0.019086738963701368,0.0,0.0,is_len_long
42,SASRec,MetadataSASRec,rr@20,252904,-0.0018245675512765045,-0.0022139454541156216,-0.0014547954189918567,0.0,7.19144059954498e-29,is_div_heterogeneous
43,SASRec,MetadataSASRec,rr@20,263217,-0.0035400442888268158,-0.003941628782434907,-0.003136513821337978,0.0,2.7067620668115597e-106,is_div_heterogeneous
44,SASRec,MetadataSASRec,rr@20,263217,-0.004681685332468663,-0.005089188230222133,-0.004275563313607477,0.0,1.1595308865020332e-147,is_div_heterogeneous
45,SASRec,MetadataSASRec,rr@20,263217,-0.00615705682117516,-0.006570386436851482,-0.00571578098582768,0.0,5.728771629314534e-286,is_div_heterogeneous
46,SASRec,MetadataSASRec,rr@20,255614,-0.017100962563809857,-0.01747626205808638,-0.01672880129969307,0.0,0.0,is_div_heterogeneous
42,SASRec,MetadataSASRec,rr@20,292503,-0.0013718829899741986,-0.001626536232780776,-0.0011273274652603754,0.0,1.386237176362361e-38,is_target_pop_mid
43,SASRec,MetadataSASRec,rr@20,304235,-0.0033197952203502645,-0.0035708079337161895,-0.0030649805089572974,0.0,2.0370288643797976e-245,is_target_pop_mid
44,SASRec,MetadataSASRec,rr@20,304235,-0.004128565528997591,-0.0043926352813095215,-0.003866233910727037,0.0,0.0,is_target_pop_mid
45,SASRec,MetadataSASRec,rr@20,304235,-0.00492934545509595,-0.005207886476403319,-0.00465448324573614,0.0,0.0,is_target_pop_mid
46,SASRec,MetadataSASRec,rr@20,295400,-0.008292023669920642,-0.008517814654985351,-0.008070953621998035,0.0,0.0,is_target_pop_mid
42,SASRec,MetadataSASRec,rr@20,62713,-0.0006324135859434976,-0.0009094004940458374,-0.00036704889993891996,0.0,1.1069980375136993e-13,is_target_pop_tail
43,SASRec,MetadataSASRec,rr@20,65272,-0.002308811305608869,-0.0026080285363532783,-0.0020242996673860395,0.0,8.317375891628118e-89,is_target_pop_tail
44,SASRec,MetadataSASRec,rr@20,65272,-0.0020903021293877965,-0.002396067531371439,-0.0018052369319631358,0.0,7.223564921900435e-79,is_target_pop_tail
45,SASRec,MetadataSASRec,rr@20,65272,-0.0032932980752793444,-0.003665354884476581,-0.0029271952118578954,0.0,5.3868730910611686e-117,is_target_pop_tail
46,SASRec,MetadataSASRec,rr@20,63422,-0.0037634190790464123,-0.0040754035773955324,-0.0034587495718108835,0.0,1.3481312693068633e-200,is_target_pop_tail
